Questions ,Intent
តើCADTបានប្រកាសថាមានការប្រកួតប្រជែងអ្វីខ្លះ?,AskAboutCompetition 
តើCADTបានប្រកាសថាមានCompetitionអ្វីខ្លះ?,
តើCADTបានបង្កើតនូវកម្មវិធីការប្រកួតប្រជែងអ្វីខ្លះ?,
តើCADTបានបង្កើតនូវកម្មវិធីCompetitionអ្វីខ្លះ?,
តើCADTបានhostនូវកម្មវិធីការប្រកួតប្រជែងអ្វីខ្លះ?,
តើCADTបានhostនូវកម្មវិធីCompetitionអ្វីខ្លះ?,
តើCADTមានបានប្រកាសថាមានការប្រកួតប្រជែងអ្វីខ្លះ?,
តើCADTមានបានប្រកាសថាមានCompetitionអ្វីខ្លះ?,
តើCADTមានបង្កើតនូវកម្មវិធីការប្រកួតប្រជែងអ្វីខ្លះ?,
តើCADTមានបង្កើតនូវកម្មវិធីCompetitionអ្វីខ្លះ?,
តើCADTមានhostនូវកម្មវិធីការប្រកួតប្រជែងអ្វីខ្លះ?,
តើCADTមានhostនូវកម្មវិធីCompetitionអ្វីខ្លះ?,
តើសាលាCADTបានប្រកាសថាមានការប្រកួតប្រជែងអ្វីខ្លះ?,
តើសាលាCADTបានប្រកាសថាមានCompetitionអ្វីខ្លះ?,
តើសាលាCADTបានបង្កើតនូវកម្មវិធីការប្រកួតប្រជែងអ្វីខ្លះ?,
តើសាលាCADTបានបង្កើតនូវកម្មវិធីCompetitionអ្វីខ្លះ?,
តើសាលាCADTបានhostនូវកម្មវិធីការប្រកួតប្រជែងអ្វីខ្លះ?,
តើសាលាCADTបានhostនូវកម្មវិធីCompetitionអ្វីខ្លះ?,
តើសាលាCADTមានបានប្រកាសថាមានការប្រកួតប្រជែងអ្វីខ្លះ?,
តើសាលាCADTមានបានប្រកាសថាមានCompetitionអ្វីខ្លះ?,
តើសាលាCADTមានបង្កើតនូវកម្មវិធីការប្រកួតប្រជែងអ្វីខ្លះ?,
តើសាលាCADTមានបង្កើតនូវកម្មវិធីCompetitionអ្វីខ្លះ?,
តើសាលាCADTមានhostនូវកម្មវិធីការប្រកួតប្រជែងអ្វីខ្លះ?,
តើសាលាCADTមានhostនូវកម្មវិធីCompetitionអ្វីខ្លះ?,
តើសាលាស៊ីអេឌីធីបានប្រកាសថាមានការប្រកួតប្រជែងអ្វីខ្លះ?,
តើសាលាស៊ីអេឌីធីបានប្រកាសថាមានCompetitionអ្វីខ្លះ?,
តើសាលាស៊ីអេឌីធីបានបង្កើតនូវកម្មវិធីការប្រកួតប្រជែងអ្វីខ្លះ?,
តើសាលាស៊ីអេឌីធីបានបង្កើតនូវកម្មវិធីCompetitionអ្វីខ្លះ?,
តើសាលាស៊ីអេឌីធីបានhostនូវកម្មវិធីការប្រកួតប្រជែងអ្វីខ្លះ?,
តើសាលាស៊ីអេឌីធីបានhostនូវកម្មវិធីCompetitionអ្វីខ្លះ?,
តើសាលាស៊ីអេឌីធីមានបានប្រកាសថាមានការប្រកួតប្រជែងអ្វីខ្លះ?,
តើសាលាស៊ីអេឌីធីមានបានប្រកាសថាមានCompetitionអ្វីខ្លះ?,
តើសាលាស៊ីអេឌីធីមានបង្កើតនូវកម្មវិធីការប្រកួតប្រជែងអ្វីខ្លះ?,
តើសាលាស៊ីអេឌីធីមានបង្កើតនូវកម្មវិធីCompetitionអ្វីខ្លះ?,
តើសាលាស៊ីអេឌីធីមានhostនូវកម្មវិធីការប្រកួតប្រជែងអ្វីខ្លះ?,
តើសាលាស៊ីអេឌីធីមានhostនូវកម្មវិធីCompetitionអ្វីខ្លះ?,
តើបណ្ឌិតសភាបច្ចេកវិទ្យាឌីជីថលកម្ពុជាបានប្រកាសថាមានការប្រកួតប្រជែងអ្វីខ្លះ?,
តើបណ្ឌិតសភាបច្ចេកវិទ្យាឌីជីថលកម្ពុជាបានប្រកាសថាមានCompetitionអ្វីខ្លះ?,
តើបណ្ឌិតសភាបច្ចេកវិទ្យាឌីជីថលកម្ពុជាបានបង្កើតនូវកម្មវិធីការប្រកួតប្រជែងអ្វីខ្លះ?,
តើបណ្ឌិតសភាបច្ចេកវិទ្យាឌីជីថលកម្ពុជាបានបង្កើតនូវកម្មវិធីCompetitionអ្វីខ្លះ?,
តើបណ្ឌិតសភាបច្ចេកវិទ្យាឌីជីថលកម្ពុជាបានhostនូវកម្មវិធីការប្រកួតប្រជែងអ្វីខ្លះ?,
តើបណ្ឌិតសភាបច្ចេកវិទ្យាឌីជីថលកម្ពុជាបានhostនូវកម្មវិធីCompetitionអ្វីខ្លះ?,
តើបណ្ឌិតសភាបច្ចេកវិទ្យាឌីជីថលកម្ពុជាមានបានប្រកាសថាមានការប្រកួតប្រជែងអ្វីខ្លះ?,
តើបណ្ឌិតសភាបច្ចេកវិទ្យាឌីជីថលកម្ពុជាមានបានប្រកាសថាមានCompetitionអ្វីខ្លះ?,
តើបណ្ឌិតសភាបច្ចេកវិទ្យាឌីជីថលកម្ពុជាមានបង្កើតនូវកម្មវិធីការប្រកួតប្រជែងអ្វីខ្លះ?,
តើបណ្ឌិតសភាបច្ចេកវិទ្យាឌីជីថលកម្ពុជាមានបង្កើតនូវកម្មវិធីCompetitionអ្វីខ្លះ?,
តើបណ្ឌិតសភាបច្ចេកវិទ្យាឌីជីថលកម្ពុជាមានhostនូវកម្មវិធីការប្រកួតប្រជែងអ្វីខ្លះ?,
តើបណ្ឌិតសភាបច្ចេកវិទ្យាឌីជីថលកម្ពុជាមានhostនូវកម្មវិធីCompetitionអ្វីខ្លះ?,
តើច័ន្ទត្រាអាចប្រាប់ខ្ញំុថាCADTរបស់ពួកយើងមានបានបង្កើតកម្មវិធីប្រកួតប្រជែងអ្វីខ្លះ?,
តើច័ន្ទត្រាអាចប្រាប់ខ្ញំុថាCADTយើងមានCompetitionអ្វីខ្លះ?,
តើច័ន្ទត្រាអាចប្រាប់ខ្ញំុថាCADTរបស់ពួកយើងមានបានបង្កើតEvent Competitionអ្វីខ្លះ?,
តើច័ន្ទត្រាអាចប្រាប់ខ្ញំុថាសាលាCADTរបស់ពួកយើងមានបានបង្កើតកម្មវិធីប្រកួតប្រជែងអ្វីខ្លះ?,
តើច័ន្ទត្រាអាចប្រាប់ខ្ញំុថាសាលាCADTយើងមានCompetitionអ្វីខ្លះ?,
តើច័ន្ទត្រាអាចប្រាប់ខ្ញំុថាសាលាCADTរបស់ពួកយើងមានបានបង្កើតEvent Competitionអ្វីខ្លះ?,
តើច័ន្ទត្រាអាចប្រាប់ខ្ញំុថាសាលាស៊ីអេឌីធីរបស់ពួកយើងមានបានបង្កើតកម្មវិធីប្រកួតប្រជែងអ្វីខ្លះ?,
តើច័ន្ទត្រាអាចប្រាប់ខ្ញំុថាសាលាស៊ីអេឌីធីយើងមានCompetitionអ្វីខ្លះ?,
តើច័ន្ទត្រាអាចប្រាប់ខ្ញំុថាសាលាស៊ីអេឌីធីរបស់ពួកយើងមានបានបង្កើតEvent Competitionអ្វីខ្លះ?,
តើច័ន្ទត្រាអាចប្រាប់ខ្ញំុថាបណ្ឌិតសភាបច្ចេកវិទ្យាឌីជីថលកម្ពុជារបស់ពួកយើងមានបានបង្កើតកម្មវិធីប្រកួតប្រជែងអ្វីខ្លះ?,
តើច័ន្ទត្រាអាចប្រាប់ខ្ញំុថាបណ្ឌិតសភាបច្ចេកវិទ្យាឌីជីថលកម្ពុជាយើងមានCompetitionអ្វីខ្លះ?,
តើច័ន្ទត្រាអាចប្រាប់ខ្ញំុថាបណ្ឌិតសភាបច្ចេកវិទ្យាឌីជីថលកម្ពុជារបស់ពួកយើងមានបានបង្កើតEvent Competitionអ្វីខ្លះ?,
តើVitouអាចប្រាប់ខ្ញំុថាCADTរបស់ពួកយើងមានបានបង្កើតកម្មវិធីប្រកួតប្រជែងអ្វីខ្លះ?,
តើVitouអាចប្រាប់ខ្ញំុថាCADTយើងមានCompetitionអ្វីខ្លះ?,
តើVitouអាចប្រាប់ខ្ញំុថាCADTរបស់ពួកយើងមានបានបង្កើតEvent Competitionអ្វីខ្លះ?,
តើVitouអាចប្រាប់ខ្ញំុថាសាលាCADTរបស់ពួកយើងមានបានបង្កើតកម្មវិធីប្រកួតប្រជែងអ្វីខ្លះ?,
តើVitouអាចប្រាប់ខ្ញំុថាសាលាCADTយើងមានCompetitionអ្វីខ្លះ?,
តើVitouអាចប្រាប់ខ្ញំុថាសាលាCADTរបស់ពួកយើងមានបានបង្កើតEvent Competitionអ្វីខ្លះ?,
តើVitouអាចប្រាប់ខ្ញំុថាសាលាស៊ីអេឌីធីរបស់ពួកយើងមានបានបង្កើតកម្មវិធីប្រកួតប្រជែងអ្វីខ្លះ?,
តើVitouអាចប្រាប់ខ្ញំុថាសាលាស៊ីអេឌីធីយើងមានCompetitionអ្វីខ្លះ?,
តើVitouអាចប្រាប់ខ្ញំុថាសាលាស៊ីអេឌីធីរបស់ពួកយើងមានបានបង្កើតEvent Competitionអ្វីខ្លះ?,
តើVitouអាចប្រាប់ខ្ញំុថាបណ្ឌិតសភាបច្ចេកវិទ្យាឌីជីថលកម្ពុជារបស់ពួកយើងមានបានបង្កើតកម្មវិធីប្រកួតប្រជែងអ្វីខ្លះ?,
តើVitouអាចប្រាប់ខ្ញំុថាបណ្ឌិតសភាបច្ចេកវិទ្យាឌីជីថលកម្ពុជាយើងមានCompetitionអ្វីខ្លះ?,
តើVitouអាចប្រាប់ខ្ញំុថាបណ្ឌិតសភាបច្ចេកវិទ្យាឌីជីថលកម្ពុជារបស់ពួកយើងមានបានបង្កើតEvent Competitionអ្វីខ្លះ?,
តើវិទូអាចប្រាប់ខ្ញំុថាCADTរបស់ពួកយើងមានបានបង្កើតកម្មវិធីប្រកួតប្រជែងអ្វីខ្លះ?,
តើវិទូអាចប្រាប់ខ្ញំុថាCADTយើងមានCompetitionអ្វីខ្លះ?,
តើវិទូអាចប្រាប់ខ្ញំុថាCADTរបស់ពួកយើងមានបានបង្កើតEvent Competitionអ្វីខ្លះ?,
តើវិទូអាចប្រាប់ខ្ញំុថាសាលាCADTរបស់ពួកយើងមានបានបង្កើតកម្មវិធីប្រកួតប្រជែងអ្វីខ្លះ?,
តើវិទូអាចប្រាប់ខ្ញំុថាសាលាCADTយើងមានCompetitionអ្វីខ្លះ?,
តើវិទូអាចប្រាប់ខ្ញំុថាសាលាCADTរបស់ពួកយើងមានបានបង្កើតEvent Competitionអ្វីខ្លះ?,
តើវិទូអាចប្រាប់ខ្ញំុថាសាលាស៊ីអេឌីធីរបស់ពួកយើងមានបានបង្កើតកម្មវិធីប្រកួតប្រជែងអ្វីខ្លះ?,
តើវិទូអាចប្រាប់ខ្ញំុថាសាលាស៊ីអេឌីធីយើងមានCompetitionអ្វីខ្លះ?,
តើវិទូអាចប្រាប់ខ្ញំុថាសាលាស៊ីអេឌីធីរបស់ពួកយើងមានបានបង្កើតEvent Competitionអ្វីខ្លះ?,
តើវិទូអាចប្រាប់ខ្ញំុថាបណ្ឌិតសភាបច្ចេកវិទ្យាឌីជីថលកម្ពុជារបស់ពួកយើងមានបានបង្កើតកម្មវិធីប្រកួតប្រជែងអ្វីខ្លះ?,
តើវិទូអាចប្រាប់ខ្ញំុថាបណ្ឌិតសភាបច្ចេកវិទ្យាឌីជីថលកម្ពុជាយើងមានCompetitionអ្វីខ្លះ?,
តើវិទូអាចប្រាប់ខ្ញំុថាបណ្ឌិតសភាបច្ចេកវិទ្យាឌីជីថលកម្ពុជារបស់ពួកយើងមានបានបង្កើតEvent Competitionអ្វីខ្លះ?,
តើលោកគ្រូវិទូអាចប្រាប់ខ្ញំុថាCADTរបស់ពួកយើងមានបានបង្កើតកម្មវិធីប្រកួតប្រជែងអ្វីខ្លះ?,
តើលោកគ្រូវិទូអាចប្រាប់ខ្ញំុថាCADTយើងមានCompetitionអ្វីខ្លះ?,
តើលោកគ្រូវិទូអាចប្រាប់ខ្ញំុថាCADTរបស់ពួកយើងមានបានបង្កើតEvent Competitionអ្វីខ្លះ?,
តើលោកគ្រូវិទូអាចប្រាប់ខ្ញំុថាសាលាCADTរបស់ពួកយើងមានបានបង្កើតកម្មវិធីប្រកួតប្រជែងអ្វីខ្លះ?,
តើលោកគ្រូវិទូអាចប្រាប់ខ្ញំុថាសាលាCADTយើងមានCompetitionអ្វីខ្លះ?,
តើលោកគ្រូវិទូអាចប្រាប់ខ្ញំុថាសាលាCADTរបស់ពួកយើងមានបានបង្កើតEvent Competitionអ្វីខ្លះ?,
តើលោកគ្រូវិទូអាចប្រាប់ខ្ញំុថាសាលាស៊ីអេឌីធីរបស់ពួកយើងមានបានបង្កើតកម្មវិធីប្រកួតប្រជែងអ្វីខ្លះ?,
តើលោកគ្រូវិទូអាចប្រាប់ខ្ញំុថាសាលាស៊ីអេឌីធីយើងមានCompetitionអ្វីខ្លះ?,
តើលោកគ្រូវិទូអាចប្រាប់ខ្ញំុថាសាលាស៊ីអេឌីធីរបស់ពួកយើងមានបានបង្កើតEvent Competitionអ្វីខ្លះ?,
តើលោកគ្រូវិទូអាចប្រាប់ខ្ញំុថាបណ្ឌិតសភាបច្ចេកវិទ្យាឌីជីថលកម្ពុជារបស់ពួកយើងមានបានបង្កើតកម្មវិធីប្រកួតប្រជែងអ្វីខ្លះ?,
តើលោកគ្រូវិទូអាចប្រាប់ខ្ញំុថាបណ្ឌិតសភាបច្ចេកវិទ្យាឌីជីថលកម្ពុជាយើងមានCompetitionអ្វីខ្លះ?,
តើលោកគ្រូវិទូអាចប្រាប់ខ្ញំុថាបណ្ឌិតសភាបច្ចេកវិទ្យាឌីជីថលកម្ពុជារបស់ពួកយើងមានបានបង្កើតEvent Competitionអ្វីខ្លះ?,
តើលោកគ្រូច័ន្ទត្រាអាចប្រាប់ខ្ញំុថាCADTរបស់ពួកយើងមានបានបង្កើតកម្មវិធីប្រកួតប្រជែងអ្វីខ្លះ?,
តើលោកគ្រូច័ន្ទត្រាអាចប្រាប់ខ្ញំុថាCADTយើងមានCompetitionអ្វីខ្លះ?,
តើលោកគ្រូច័ន្ទត្រាអាចប្រាប់ខ្ញំុថាCADTរបស់ពួកយើងមានបានបង្កើតEvent Competitionអ្វីខ្លះ?,
តើលោកគ្រូច័ន្ទត្រាអាចប្រាប់ខ្ញំុថាសាលាCADTរបស់ពួកយើងមានបានបង្កើតកម្មវិធីប្រកួតប្រជែងអ្វីខ្លះ?,
តើលោកគ្រូច័ន្ទត្រាអាចប្រាប់ខ្ញំុថាសាលាCADTយើងមានCompetitionអ្វីខ្លះ?,
តើលោកគ្រូច័ន្ទត្រាអាចប្រាប់ខ្ញំុថាសាលាCADTរបស់ពួកយើងមានបានបង្កើតEvent Competitionអ្វីខ្លះ?,
តើលោកគ្រូច័ន្ទត្រាអាចប្រាប់ខ្ញំុថាសាលាស៊ីអេឌីធីរបស់ពួកយើងមានបានបង្កើតកម្មវិធីប្រកួតប្រជែងអ្វីខ្លះ?,
តើលោកគ្រូច័ន្ទត្រាអាចប្រាប់ខ្ញំុថាសាលាស៊ីអេឌីធីយើងមានCompetitionអ្វីខ្លះ?,
តើលោកគ្រូច័ន្ទត្រាអាចប្រាប់ខ្ញំុថាសាលាស៊ីអេឌីធីរបស់ពួកយើងមានបានបង្កើតEvent Competitionអ្វីខ្លះ?,
តើលោកគ្រូច័ន្ទត្រាអាចប្រាប់ខ្ញំុថាបណ្ឌិតសភាបច្ចេកវិទ្យាឌីជីថលកម្ពុជារបស់ពួកយើងមានបានបង្កើតកម្មវិធីប្រកួតប្រជែងអ្វីខ្លះ?,
តើលោកគ្រូច័ន្ទត្រាអាចប្រាប់ខ្ញំុថាបណ្ឌិតសភាបច្ចេកវិទ្យាឌីជីថលកម្ពុជាយើងមានCompetitionអ្វីខ្លះ?,
តើលោកគ្រូច័ន្ទត្រាអាចប្រាប់ខ្ញំុថាបណ្ឌិតសភាបច្ចេកវិទ្យាឌីជីថលកម្ពុជារបស់ពួកយើងមានបានបង្កើតEvent Competitionអ្វីខ្លះ?,
តើteacher Chantraអាចប្រាប់ខ្ញំុថាCADTរបស់ពួកយើងមានបានបង្កើតកម្មវិធីប្រកួតប្រជែងអ្វីខ្លះ?,
តើteacher Chantraអាចប្រាប់ខ្ញំុថាCADTយើងមានCompetitionអ្វីខ្លះ?,
តើteacher Chantraអាចប្រាប់ខ្ញំុថាCADTរបស់ពួកយើងមានបានបង្កើតEvent Competitionអ្វីខ្លះ?,
តើteacher Chantraអាចប្រាប់ខ្ញំុថាសាលាCADTរបស់ពួកយើងមានបានបង្កើតកម្មវិធីប្រកួតប្រជែងអ្វីខ្លះ?,
តើteacher Chantraអាចប្រាប់ខ្ញំុថាសាលាCADTយើងមានCompetitionអ្វីខ្លះ?,
តើteacher Chantraអាចប្រាប់ខ្ញំុថាសាលាCADTរបស់ពួកយើងមានបានបង្កើតEvent Competitionអ្វីខ្លះ?,
តើteacher Chantraអាចប្រាប់ខ្ញំុថាសាលាស៊ីអេឌីធីរបស់ពួកយើងមានបានបង្កើតកម្មវិធីប្រកួតប្រជែងអ្វីខ្លះ?,
តើteacher Chantraអាចប្រាប់ខ្ញំុថាសាលាស៊ីអេឌីធីយើងមានCompetitionអ្វីខ្លះ?,
តើteacher Chantraអាចប្រាប់ខ្ញំុថាសាលាស៊ីអេឌីធីរបស់ពួកយើងមានបានបង្កើតEvent Competitionអ្វីខ្លះ?,
តើteacher Chantraអាចប្រាប់ខ្ញំុថាបណ្ឌិតសភាបច្ចេកវិទ្យាឌីជីថលកម្ពុជារបស់ពួកយើងមានបានបង្កើតកម្មវិធីប្រកួតប្រជែងអ្វីខ្លះ?,
តើteacher Chantraអាចប្រាប់ខ្ញំុថាបណ្ឌិតសភាបច្ចេកវិទ្យាឌីជីថលកម្ពុជាយើងមានCompetitionអ្វីខ្លះ?,
តើteacher Chantraអាចប្រាប់ខ្ញំុថាបណ្ឌិតសភាបច្ចេកវិទ្យាឌីជីថលកម្ពុជារបស់ពួកយើងមានបានបង្កើតEvent Competitionអ្វីខ្លះ?,
តើនៅអាគារអុីនូវេសិនសែនធឺរនិងអាគារអាយដីធីដែលខ្មំុកំពុងនៅនឹងគេមានបានHostកម្មវីធីប្រកួតប្រជែងអ្វីខ្លះ?,
តើនៅអាគារអុីនូវេសិនសែនធឺរនិងអាគារអាយដីធីដែលខ្មំុកំពុងនៅនឹងគេមានបានបង្កើតកម្មវីធីប្រកួតប្រជែងអ្វីខ្លះ?,
តើនៅអាគារអុីនូវេសិនសែនធឺរនិងអាគារអាយដីធីនឹងគេមានបានHostកម្មវីធីប្រកួតប្រជែងអ្វីខ្លះ?,
តើនៅអាគារអុីនូវេសិនសែនធឺរនិងអាគារអាយដីធីនឹងគេមានបានបង្កើតកម្មវីធីប្រកួតប្រជែងអ្វីខ្លះ?,
តើនៅអាគារអុីនូវេសិនសែនធឺរនិងអាគារអាយដីធីដែលខ្ញំុរៀននឹងគេមានបានHostកម្មវីធីប្រកួតប្រជែងអ្វីខ្លះ?,
តើនៅអាគារអុីនូវេសិនសែនធឺរនិងអាគារអាយដីធីដែលខ្ញំុរៀននឹងគេមានបានបង្កើតកម្មវីធីប្រកួតប្រជែងអ្វីខ្លះ?,
តើនៅអាគារអុីនូវេសិនសែនធឺរនិងអាគារIDTដែលខ្មំុកំពុងនៅនឹងគេមានបានHostកម្មវីធីប្រកួតប្រជែងអ្វីខ្លះ?,
តើនៅអាគារអុីនូវេសិនសែនធឺរនិងអាគារIDTដែលខ្មំុកំពុងនៅនឹងគេមានបានបង្កើតកម្មវីធីប្រកួតប្រជែងអ្វីខ្លះ?,
តើនៅអាគារអុីនូវេសិនសែនធឺរនិងអាគារIDTនឹងគេមានបានHostកម្មវីធីប្រកួតប្រជែងអ្វីខ្លះ?,
តើនៅអាគារអុីនូវេសិនសែនធឺរនិងអាគារIDTនឹងគេមានបានបង្កើតកម្មវីធីប្រកួតប្រជែងអ្វីខ្លះ?,
តើនៅអាគារអុីនូវេសិនសែនធឺរនិងអាគារIDTដែលខ្ញំុរៀននឹងគេមានបានHostកម្មវីធីប្រកួតប្រជែងអ្វីខ្លះ?,
តើនៅអាគារអុីនូវេសិនសែនធឺរនិងអាគារIDTដែលខ្ញំុរៀននឹងគេមានបានបង្កើតកម្មវីធីប្រកួតប្រជែងអ្វីខ្លះ?,
តើនៅអាគារinnovation centerនិងអាគារអាយដីធីដែលខ្មំុកំពុងនៅនឹងគេមានបានHostកម្មវីធីប្រកួតប្រជែងអ្វីខ្លះ?,
តើនៅអាគារinnovation centerនិងអាគារអាយដីធីដែលខ្មំុកំពុងនៅនឹងគេមានបានបង្កើតកម្មវីធីប្រកួតប្រជែងអ្វីខ្លះ?,
តើនៅអាគារinnovation centerនិងអាគារអាយដីធីនឹងគេមានបានHostកម្មវីធីប្រកួតប្រជែងអ្វីខ្លះ?,
តើនៅអាគារinnovation centerនិងអាគារអាយដីធីនឹងគេមានបានបង្កើតកម្មវីធីប្រកួតប្រជែងអ្វីខ្លះ?,
តើនៅអាគារinnovation centerនិងអាគារអាយដីធីដែលខ្ញំុរៀននឹងគេមានបានHostកម្មវីធីប្រកួតប្រជែងអ្វីខ្លះ?,
តើនៅអាគារinnovation centerនិងអាគារអាយដីធីដែលខ្ញំុរៀននឹងគេមានបានបង្កើតកម្មវីធីប្រកួតប្រជែងអ្វីខ្លះ?,
តើនៅអាគារinnovation centerនិងអាគារIDTដែលខ្មំុកំពុងនៅនឹងគេមានបានHostកម្មវីធីប្រកួតប្រជែងអ្វីខ្លះ?,
តើនៅអាគារinnovation centerនិងអាគារIDTដែលខ្មំុកំពុងនៅនឹងគេមានបានបង្កើតកម្មវីធីប្រកួតប្រជែងអ្វីខ្លះ?,
តើនៅអាគារinnovation centerនិងអាគារIDTនឹងគេមានបានHostកម្មវីធីប្រកួតប្រជែងអ្វីខ្លះ?,
តើនៅអាគារinnovation centerនិងអាគារIDTនឹងគេមានបានបង្កើតកម្មវីធីប្រកួតប្រជែងអ្វីខ្លះ?,
តើនៅអាគារinnovation centerនិងអាគារIDTដែលខ្ញំុរៀននឹងគេមានបានHostកម្មវីធីប្រកួតប្រជែងអ្វីខ្លះ?,
តើនៅអាគារinnovation centerនិងអាគារIDTដែលខ្ញំុរៀននឹងគេមានបានបង្កើតកម្មវីធីប្រកួតប្រជែងអ្វីខ្លះ?,