ស្មាណាគេចាប់បើកទទួលពាក្យចុះឈ្មោះនៅសាលាCADTនឹង?,,ស្មាណាគេចាប់បើកទទួលពាក្យចុះឈ្មោះនៅសាលាCADTនឹង?
ស្មាណាគេចាប់បើកទទួលពាក្យចុះឈ្មោះនៅសាលានេះ?,,ស្មាណាគេចាប់បើកទទួលពាក្យចុះឈ្មោះនៅសាលានេះ?
ស្មាណាគេចាប់បើកទទួលពាក្យចុះឈ្មោះនៅសាលាស៊ីអេឌីធី?,,ស្មាណាគេចាប់បើកទទួលពាក្យចុះឈ្មោះនៅសាលាស៊ីអេឌីធី?
ស្មាណាគេដាក់ពាក្យចូលរៀននៅសាលាCADTនឹង?,,ស្មាណាគេដាក់ពាក្យចូលរៀននៅសាលាCADTនឹង?
ស្មាណាគេដាក់ពាក្យចូលរៀននៅសាលានេះ?,,ស្មាណាគេដាក់ពាក្យចូលរៀននៅសាលានេះ?
ស្មាណាគេដាក់ពាក្យចូលរៀននៅសាលាស៊ីអេឌីធី?,,ស្មាណ  ាគេដាក់ពាក្យចូលរៀននៅសាលាស៊ីអេឌីធី?
ស្មាណាគេទិញពាក្យចូលរៀននៅសាលាCADTនឹង?,,ស្មាណាគេទិញពាក្យចូលរៀននៅសាលាCADTនឹង?
ស្មាណាគេទិញពាក្យចូលរៀននៅសាលានេះ?,,ស្មាណាគេទិញពាក្យចូលរៀននៅសាលានេះ?
ស្មាណាគេទិញពាក្យចូលរៀននៅសាលាស៊ីអេឌីធី?,,ស្មាណាគេទិញពាក្យចូលរៀននៅសាលាស៊ីអេឌីធី?
ស្មាណាគេចុះឈ្មោះចូលរៀននៅសាលាCADTនឹង?,,ស្មាណាគេចុះឈ្មោះចូលរៀននៅសាលាCADTនឹង?
ស្មាណាគេចុះឈ្មោះចូលរៀននៅសាលានេះ?,,ស្មាណាគេចុះឈ្មោះចូលរៀននៅសាលានេះ?
ស្មាណាគេចុះឈ្មោះចូលរៀននៅសាលាស៊ីអេឌីធី?,,ស្មាណាគេចុះឈ្មោះចូលរៀននៅសាលាស៊ីអេឌីធី?
ស្មាណាគេដាក់ដឺម៉ង់នៅសាលាCADTនឹង?,,ស្មាណាគេដាក់ដឺម៉ង់នៅសាលាCADTនឹង?
ស្មាណាគេដាក់ដឺម៉ង់នៅសាលានេះ?,,ស្មាណាគេដាក់ដឺម៉ង់នៅសាលានេះ?
ស្មាណាគេដាក់ដឺម៉ង់នៅសាលាស៊ីអេឌីធី?,,ស្មាណាគេដាក់ដឺម៉ង់នៅសាលាស៊ីអេឌីធី?
នៅពេលណាគេចាប់បើកទទួលពាក្យចុះឈ្មោះនៅសាលាCADTនឹង?,,នៅពេលណាគេចាប់បើកទទួលពាក្យចុះឈ្មោះនៅសាលាCADTនឹង?
នៅពេលណាគេចាប់បើកទទួលពាក្យចុះឈ្មោះនៅសាលានេះ?,,នៅពេលណាគេចាប់បើកទទួលពាក្យចុះឈ្មោះនៅសាលានេះ?
នៅពេលណាគេចាប់បើកទទួលពាក្យចុះឈ្មោះនៅសាលាស៊ីអេឌីធី?,,នៅពេលណាគេចាប់បើកទទួលពាក្យចុះឈ្មោះនៅសាលាស៊ីអេឌីធី?
នៅពេលណាគេដាក់ពាក្យចូលរៀននៅសាលាCADTនឹង?,,នៅពេលណាគេដាក់ពាក្យចូលរៀននៅសាលាCADTនឹង?
នៅពេលណាគេដាក់ពាក្យចូលរៀននៅសាលានេះ?,,នៅពេលណាគេដាក់ពាក្យចូលរៀននៅសាលានេះ?
នៅពេលណាគេដាក់ពាក្យចូលរៀននៅសាលាស៊ីអេឌីធី?,,នៅពេលណាគេដាក់ពាក្យចូលរៀននៅសាលាស៊ីអេឌីធី?
នៅពេលណាគេទិញពាក្យចូលរៀននៅសាលាCADTនឹង?,,នៅពេលណាគេទិញពាក្យចូលរៀននៅសាលាCADTនឹង?
នៅពេលណាគេទិញពាក្យចូលរៀននៅសាលានេះ?,,នៅពេលណាគេទិញពាក្យចូលរៀននៅសាលានេះ?
នៅពេលណាគេទិញពាក្យចូលរៀននៅសាលាស៊ីអេឌីធី?,,នៅពេលណាគេទិញពាក្យចូលរៀននៅសាលាស៊ីអេឌីធី?
នៅពេលណាគេចុះឈ្មោះចូលរៀននៅសាលាCADTនឹង?,,នៅពេលណាគេចុះឈ្មោះចូលរៀននៅសាលាCADTនឹង?
នៅពេលណាគេចុះឈ្មោះចូលរៀននៅសាលានេះ?,,នៅពេលណាគេចុះឈ្មោះចូលរៀននៅសាលានេះ?
នៅពេលណាគេចុះឈ្មោះចូលរៀននៅសាលាស៊ីអេឌីធី?,,នៅពេលណាគេចុះឈ្មោះចូលរៀននៅសាលាស៊ីអេឌីធី?
នៅពេលណាគេដាក់ដឺម៉ង់នៅសាលាCADTនឹង?,,នៅពេលណាគេដាក់ដឺម៉ង់នៅសាលាCADTនឹង?
នៅពេលណាគេដាក់ដឺម៉ង់នៅសាលានេះ?,,នៅពេលណាគេដាក់ដឺម៉ង់នៅសាលានេះ?
នៅពេលណាគេដាក់ដឺម៉ង់នៅសាលាស៊ីអេឌីធី?,,នៅពេលណាគេដាក់ដឺម៉ង់នៅសាលាស៊ីអេឌីធី?
ថ្ងៃណាគេចាប់បើកទទួលពាក្យចុះឈ្មោះនៅសាលាCADTនឹង?,,ថ្ងៃណាគេចាប់បើកទទួលពាក្យចុះឈ្មោះនៅសាលាCADTនឹង?
ថ្ងៃណាគេចាប់បើកទទួលពាក្យចុះឈ្មោះនៅសាលានេះ?,,ថ្ងៃណាគេចាប់បើកទទួលពាក្យចុះឈ្មោះនៅសាលានេះ?
ថ្ងៃណាគេចាប់បើកទទួលពាក្យចុះឈ្មោះនៅសាលាស៊ីអេឌីធី?,,ថ្ងៃណាគេចាប់បើកទទួលពាក្យចុះឈ្មោះនៅសាលាស៊ីអេឌីធី?
ថ្ងៃណាគេដាក់ពាក្យចូលរៀននៅសាលាCADTនឹង?,,ថ្ងៃណាគេដាក់ពាក្យចូលរៀននៅសាលាCADTនឹង?
ថ្ងៃណាគេដាក់ពាក្យចូលរៀននៅសាលានេះ?,,ថ្ងៃណាគេដាក់ពាក្យចូលរៀននៅសាលានេះ?
ថ្ងៃណាគេដាក់ពាក្យចូលរៀននៅសាលាស៊ីអេឌីធី?,,ថ្ងៃណាគេដាក់ពាក្យចូលរៀននៅសាលាស៊ីអេឌីធី?
ថ្ងៃណាគេទិញពាក្យចូលរៀននៅសាលាCADTនឹង?,,ថ្ងៃណាគេទិញពាក្យចូលរៀននៅសាលាCADTនឹង?
ថ្ងៃណាគេទិញពាក្យចូលរៀននៅសាលានេះ?,,ថ្ងៃណាគេទិញពាក្យចូលរៀននៅសាលានេះ?
ថ្ងៃណាគេទិញពាក្យចូលរៀននៅសាលាស៊ីអេឌីធី?,,ថ្ងៃណាគេទិញពាក្យចូលរៀននៅសាលាស៊ីអេឌីធី?
ថ្ងៃណាគេចុះឈ្មោះចូលរៀននៅសាលាCADTនឹង?,,ថ្ងៃណាគេចុះឈ្មោះចូលរៀននៅសាលាCADTនឹង?
ថ្ងៃណាគេចុះឈ្មោះចូលរៀននៅសាលានេះ?,,ថ្ងៃណាគេចុះឈ្មោះចូលរៀននៅសាលានេះ?
ថ្ងៃណាគេចុះឈ្មោះចូលរៀននៅសាលាស៊ីអេឌីធី?,,ថ្ងៃណាគេចុះឈ្មោះចូលរៀននៅសាលាស៊ីអេឌីធី?
ថ្ងៃណាគេដាក់ដឺម៉ង់នៅសាលាCADTនឹង?,,ថ្ងៃណាគេដាក់ដឺម៉ង់នៅសាលាCADTនឹង?
ថ្ងៃណាគេដាក់ដឺម៉ង់នៅសាលានេះ?,,ថ្ងៃណាគេដាក់ដឺម៉ង់នៅសាលានេះ?
ថ្ងៃណាគេដាក់ដឺម៉ង់នៅសាលាស៊ីអេឌីធី?,,ថ្ងៃណាគេដាក់ដឺម៉ង់នៅសាលាស៊ីអេឌីធី?
ពេលណាបានគេចាប់បើកទទួលពាក្យចុះឈ្មោះនៅសាលាCADTនឹង?,,ពេលណាបានគេចាប់បើកទទួលពាក្យចុះឈ្មោះនៅសាលាCADTនឹង?
ពេលណាបានគេចាប់បើកទទួលពាក្យចុះឈ្មោះនៅសាលានេះ?,,ពេលណាបានគេចាប់បើកទទួលពាក្យចុះឈ្មោះនៅសាលានេះ?
ពេលណាបានគេចាប់បើកទទួលពាក្យចុះឈ្មោះនៅសាលាស៊ីអេឌីធី?,,ពេលណាបានគេចាប់បើកទទួលពាក្យចុះឈ្មោះនៅសាលាស៊ីអេឌីធី?
ពេលណាបានគេដាក់ពាក្យចូលរៀននៅសាលាCADTនឹង?,,ពេលណាបានគេដាក់ពាក្យចូលរៀននៅសាលាCADTនឹង?
ពេលណាបានគេដាក់ពាក្យចូលរៀននៅសាលានេះ?,,ពេលណាបានគេដាក់ពាក្យចូលរៀននៅសាលានេះ?
ពេលណាបានគេដាក់ពាក្យចូលរៀននៅសាលាស៊ីអេឌីធី?,,ពេលណាបានគេដាក់ពាក្យចូលរៀននៅសាលាស៊ីអេឌីធី?
ពេលណាបានគេទិញពាក្យចូលរៀននៅសាលាCADTនឹង?,,ពេលណាបានគេទិញពាក្យចូលរៀននៅសាលាCADTនឹង?
ពេលណាបានគេទិញពាក្យចូលរៀននៅសាលានេះ?,,ពេលណាបានគេទិញពាក្យចូលរៀននៅសាលានេះ?
ពេលណាបានគេទិញពាក្យចូលរៀននៅសាលាស៊ីអេឌីធី?,,ពេលណាបានគេទិញពាក្យចូលរៀននៅសាលាស៊ីអេឌីធី?
ពេលណាបានគេចុះឈ្មោះចូលរៀននៅសាលាCADTនឹង?,,ពេលណាបានគេចុះឈ្មោះចូលរៀននៅសាលាCADTនឹង?
ពេលណាបានគេចុះឈ្មោះចូលរៀននៅសាលានេះ?,,ពេលណាបានគេចុះឈ្មោះចូលរៀននៅសាលានេះ?
ពេលណាបានគេចុះឈ្មោះចូលរៀននៅសាលាស៊ីអេឌីធី?,,ពេលណាបានគេចុះឈ្មោះចូលរៀននៅសាលាស៊ីអេឌីធី?
ពេលណាបានគេដាក់ដឺម៉ង់នៅសាលាCADTនឹង?,,ពេលណាបានគេដាក់ដឺម៉ង់នៅសាលាCADTនឹង?
ពេលណាបានគេដាក់ដឺម៉ង់នៅសាលានេះ?,,ពេលណាបានគេដាក់ដឺម៉ង់នៅសាលានេះ?
ពេលណាបានគេដាក់ដឺម៉ង់នៅសាលាស៊ីអេឌីធី?,,ពេលណាបានគេដាក់ដឺម៉ង់នៅសាលាស៊ីអេឌីធី?