Question, Intent
នៅCADTមានចំណតនៅទីណា?, ListParkingSpace
នៅCADTមានចំណតនៅណា?
នៅCADTមានកន្លែងទុកឡាននៅទីណា?
នៅCADTមានកន្លែងទុកឡាននៅណា?
នៅCADTមានកន្លែងទុកម៉ូតូនៅទីណា?
នៅCADTមានកន្លែងទុកម៉ូតូនៅណា?
តើនៅសាលាមានចំណតនៅទីណា?
តើនៅសាលាមានចំណតនៅណា?
តើនៅសាលាមានកន្លែងទុកឡាននៅទីណា?
តើនៅសាលាមានកន្លែងទុកឡាននៅណា?
តើនៅសាលាមានកន្លែងទុកម៉ូតូនៅទីណា?
តើនៅសាលាមានកន្លែងទុកម៉ូតូនៅណា?
តើនៅទីនេះមានចំណតនៅទីណា?
តើនៅទីនេះមានចំណតនៅណា?
តើនៅទីនេះមានកន្លែងទុកឡាននៅទីណា?
តើនៅទីនេះមានកន្លែងទុកឡាននៅណា?
តើនៅទីនេះមានកន្លែងទុកម៉ូតូនៅទីណា?
តើនៅទីនេះមានកន្លែងទុកម៉ូតូនៅណា?
នៅនេះមានចំណតនៅទីណា?
នៅនេះមានចំណតនៅណា?
នៅនេះមានកន្លែងទុកឡាននៅទីណា?
នៅនេះមានកន្លែងទុកឡាននៅណា?
នៅនេះមានកន្លែងទុកម៉ូតូនៅទីណា?
នៅនេះមានកន្លែងទុកម៉ូតូនៅណា?
ឡានអាចដាក់នៅឯណា?
ឡានអាចដាក់នៅទីណា?
ឡានអាចចតនៅឯណា?
ឡានអាចចតនៅទីណា?
ឡានទុកនៅឯណា?
ឡានទុកនៅទីណា?
ម៉ូតូអាចដាក់នៅឯណា?
ម៉ូតូអាចដាក់នៅទីណា?
ម៉ូតូអាចចតនៅឯណា?
ម៉ូតូអាចចតនៅទីណា?
ម៉ូតូទុកនៅឯណា?
ម៉ូតូទុកនៅទីណា?
យានជំនិះអាចដាក់នៅឯណា?
យានជំនិះអាចដាក់នៅទីណា?
យានជំនិះអាចចតនៅឯណា?
យានជំនិះអាចចតនៅទីណា?
យានជំនិះទុកនៅឯណា?
យានជំនិះទុកនៅទីណា?
ឯណាទៅកន្លែងដាក់យានជំនិះ?
ឯណាទៅកន្លែងដាក់ម៉ូតូ?
ឯណាទៅកន្លែងដាក់ឡាន?
ឯណាទៅកន្លែងចតយានជំនិះ?
ឯណាទៅកន្លែងចតម៉ូតូ?
ឯណាទៅកន្លែងចតឡាន?
ឯណាទៅកន្លែងទុកយានជំនិះ?
ឯណាទៅកន្លែងទុកម៉ូតូ?
ឯណាទៅកន្លែងទុកឡាន?
កន្លែងណាខ្លះសម្រាប់ដាក់យានជំនិះ?
កន្លែងណាខ្លះសម្រាប់ដាក់ម៉ូតូ?
កន្លែងណាខ្លះសម្រាប់ដាក់ឡាន?
កន្លែងណាខ្លះសម្រាប់ចតយានជំនិះ?
កន្លែងណាខ្លះសម្រាប់ចតម៉ូតូ?
កន្លែងណាខ្លះសម្រាប់ចតឡាន?
កន្លែងណាខ្លះសម្រាប់ទុកយានជំនិះ?
កន្លែងណាខ្លះសម្រាប់ទុកម៉ូតូ?
កន្លែងណាខ្លះសម្រាប់ទុកឡាន?
សូមប្រាប់ពីកន្លែងដាក់យានជំនិះ?
សូមប្រាប់ពីកន្លែងដាក់ម៉ូតូ?
សូមប្រាប់ពីកន្លែងដាក់ឡាន?
សូមប្រាប់ពីកន្លែងចតយានជំនិះ?
សូមប្រាប់ពីកន្លែងចតម៉ូតូ?
សូមប្រាប់ពីកន្លែងចតឡាន?
សូមប្រាប់ពីកន្លែងទុកយានជំនិះ?
សូមប្រាប់ពីកន្លែងទុកម៉ូតូ?
សូមប្រាប់ពីកន្លែងទុកឡាន?
យានជំនិះគេដាក់នៅឯណា?
យានជំនិះគេដាក់នៅណា?
យានជំនិះគេទុកនៅឯណា?
យានជំនិះគេទុកនៅណា?
ម៉ូតូគេដាក់នៅឯណា?
ម៉ូតូគេដាក់នៅណា?
ម៉ូតូគេទុកនៅឯណា?
ម៉ូតូគេទុកនៅណា?
ឡានគេដាក់នៅឯណា?
ឡានគេដាក់នៅណា?
ឡានគេទុកនៅឯណា?
ឡានគេទុកនៅណា?
