Question,Intent
តើ/prt Computer/noun Science/noun សិក្សា/verb អ្វី/noun ខ្លះ/adj
តើ/prt Computer/noun Science/noun ជា/verb អ្វី/noun ?/punct
តើ/prt Computer/noun Science/noun ជា/verb អ្វី/noun ទៅ/prt ?/punct
តើ/prt Computer/noun Science/noun គឺ/verb ជា/verb អ្វី/noun ?/punct
តើ/prt Computer/noun Science/noun សំដៅ/verb ទៅ/verb លើ/adp អ្វី/noun ?/punct
តើ/prt Computer/noun Science/noun រៀន/verb ប៉ុន្មាន/adv ឆ្នាំ/noun
តើ/prt Computer/noun Science/noun រៀន/verb ប៉ុន្មាន/adv ឆមាស/noun
តើ/prt Computer/noun Science/noun រៀន/verb ប៉ុន្មាន/adv ត្រី/noun មាស/noun
តើ/prt Computer/noun Science/noun គេ/pron រៀន/verb ពី/adp អ្វី/noun
តើ/prt Computer/noun Science/noun រៀន/verb ពី/adp អ្វី/noun ទៅ/adp
តើ/prt Computer/noun Science/noun ហ្នឹង/noun សិក្សា/verb អ្វី/noun ខ្លះ/adj
តើ/prt Computer/noun Science/noun ហ្នឹង/adj ជា/verb អ្វី/noun ?/punct
តើ/prt Computer/noun Science/noun ហ្នឹង/adj ជា/verb អ្វី/noun ទៅ/prt ?/punct
តើ/prt Computer/noun Science/noun ហ្នឹង/adj គឺ/verb ជា/verb អ្វី/noun ?/punct
តើ/prt Computer/noun Science/noun ហ្នឹង/adj សំដៅ/verb ទៅ/verb លើ/adp អ្វី/noun ?/punct
តើ/prt Computer/noun Science/noun ហ្នឹង/noun រៀន/verb ប៉ុន្មាន/adv ឆ្នាំ/noun
តើ/prt Computer/noun Science/noun ហ្នឹង/noun រៀន/verb ប៉ុន្មាន/adv ឆមាស/noun
តើ/prt Computer/noun Science/noun ហ្នឹង/noun រៀន/verb ប៉ុន្មាន/adv ត្រី/noun មាស/noun
តើ/prt Computer/noun Science/noun ហ្នឹង/adj គេ/pron រៀន/verb ពី/adp អ្វី/noun
តើ/prt Computer/noun Science/noun ហ្នឹង/noun រៀន/verb ពី/adp អ្វី/noun ទៅ/adp
តើ/prt វិទ្យា/noun សាស្ត្រ/noun កុំព្យូទ័រ/noun សិក្សា/verb អ្វី/noun ខ្លះ/adj
តើ/prt វិទ្យា/noun សាស្ត្រ/noun កុំព្យូទ័រ/noun ជា/verb អ្វី/noun ?/punct
តើ/prt វិទ្យា/noun សាស្ត្រ/noun កុំព្យូទ័រ/noun ជា/verb អ្វី/noun ទៅ/prt ?/punct
តើ/prt វិទ្យា/noun សាស្ត្រ/noun កុំព្យូទ័រ/noun គឺ/verb ជា/verb អ្វី/noun ?/punct
តើ/prt វិទ្យា/noun សាស្ត្រ/noun កុំព្យូទ័រ/noun សំដៅ/verb ទៅ/verb លើ/adp អ្វី/noun ?/punct
តើ/prt វិទ្យា/noun សាស្ត្រ/noun កុំព្យូទ័រ/noun រៀន/verb ប៉ុន្មាន/adv ឆ្នាំ/noun
តើ/prt វិទ្យា/noun សាស្ត្រ/noun កុំព្យូទ័រ/noun រៀន/verb ប៉ុន្មាន/adv ឆមាស/noun
តើ/prt វិទ្យា/noun សាស្ត្រ/noun កុំព្យូទ័រ/noun រៀន/verb ប៉ុន្មាន/adv ត្រី/noun មាស/noun
តើ/prt វិទ្យា/noun សាស្ត្រ/noun កុំព្យូទ័រ/noun គេ/pron រៀន/verb ពី/adp អ្វី/noun
តើ/prt វិទ្យា/noun សាស្ត្រ/noun កុំព្យូទ័រ/noun រៀន/verb ពី/adp អ្វី/noun ទៅ/adp
តើ/prt វិទ្យា/noun សាស្ត្រ/noun កុំព្យូទ័រ/noun ហ្នឹង/noun សិក្សា/verb អ្វី/noun ខ្លះ/adj
តើ/prt វិទ្យា/noun សាស្ត្រ/noun កុំព្យូទ័រ/noun ហ្នឹង/noun ជា/verb អ្វី/noun ?/punct
តើ/prt វិទ្យា/noun សាស្ត្រ/noun កុំព្យូទ័រ/noun ហ្នឹង/noun ជា/verb អ្វី/noun ទៅ/prt ?/punct
តើ/prt វិទ្យា/noun សាស្ត្រ/noun កុំព្យូទ័រ/noun ហ្នឹង/noun គឺ/verb ជា/verb អ្វី/noun ?/punct
តើ/prt វិទ្យា/noun សាស្ត្រ/noun កុំព្យូទ័រ/noun ហ្នឹង/noun សំដៅ/verb ទៅ/verb លើ/adp អ្វី/noun ?/punct
តើ/prt វិទ្យា/noun សាស្ត្រ/noun កុំព្យូទ័រ/noun ហ្នឹង/noun រៀន/verb ប៉ុន្មាន/adv ឆ្នាំ/noun
តើ/prt វិទ្យា/noun សាស្ត្រ/noun កុំព្យូទ័រ/noun ហ្នឹង/noun រៀន/verb ប៉ុន្មាន/adv ឆមាស/noun
តើ/prt វិទ្យា/noun សាស្ត្រ/noun កុំព្យូទ័រ/noun ហ្នឹង/noun រៀន/verb ប៉ុន្មាន/adv ត្រី/noun មាស/noun
តើ/prt វិទ្យា/noun សាស្ត្រ/noun កុំព្យូទ័រ/noun ហ្នឹង/adj គេ/pron រៀន/verb ពី/adp អ្វី/noun
តើ/prt វិទ្យា/noun សាស្ត្រ/noun កុំព្យូទ័រ/noun ហ្នឹង/noun រៀន/verb ពី/adp អ្វី/noun ទៅ/adp
តើ/noun ស៉ីអេស/noun សិក្សា/verb អ្វី/noun ខ្លះ/adj
តើ/noun ស៉ីអេស/noun ជា/verb អ្វី/noun ?/punct
តើ/noun ស៉ីអេស/noun ជា/verb អ្វី/noun ទៅ/prt ?/punct
តើ/noun ស៉ីអេស/noun គឺ/verb ជា/verb អ្វី/noun ?/punct
តើស៉ីអេស/noun សំដៅ/verb ទៅ/verb លើ/adp អ្វី/noun ?/punct
តើ/noun ស៉ីអេស/noun រៀន/verb ប៉ុន្មាន/adv ឆ្នាំ/noun
តើ/noun ស៉ីអេស/noun រៀន/verb ប៉ុន្មាន/adv ឆមាស/noun
តើ/noun ស៉ីអេស/noun រៀន/verb ប៉ុន្មាន/adv ត្រី/noun មាស/noun
តើ/noun ស៉ីអេស/noun គេ/pron រៀន/verb ពី/adp អ្វី/noun
តើ/noun ស៉ីអេស/noun រៀន/verb ពី/adp អ្វី/noun ទៅ/adp
តើ/noun ស៉ីអេស/noun ហ្នឹង/noun សិក្សា/verb អ្វី/noun ខ្លះ/adj
តើ/noun ស៉ីអេស/noun ហ្នឹង/noun ជា/verb អ្វី/noun ?/punct
តើ/noun ស៉ីអេស/noun ហ្នឹង/noun ជា/verb អ្វី/noun ទៅ/prt ?/punct
តើ/noun ស៉ីអេស/noun ហ្នឹង/noun គឺ/verb ជា/verb អ្វី/noun ?/punct
តើ/noun ស៉ីអេសហ្នឹង/noun សំដៅ/verb ទៅ/verb លើ/adp អ្វី/noun ?/punct
តើ/noun ស៉ីអេស/noun ហ្នឹង/noun រៀន/verb ប៉ុន្មាន/adv ឆ្នាំ/noun
តើ/noun ស៉ីអេស/noun ហ្នឹង/noun រៀន/verb ប៉ុន្មាន/adv ឆមាស/noun
តើ/noun ស៉ីអេស/noun ហ្នឹង/noun រៀន/verb ប៉ុន្មាន/adv ត្រី/noun មាស/noun
តើ/noun ស៉ីអេសហ្នឹង/noun គេ/pron រៀន/verb ពី/adp អ្វី/noun
តើ/noun ស៉ីអេស/noun ហ្នឹង/noun រៀន/verb ពី/adp អ្វី/noun ទៅ/adp
តើ/prt CS/noun សិក្សា/verb អ្វី/noun ខ្លះ/adj
តើ/prt CS/noun ជា/verb អ្វី/noun ?/punct
តើ/prt CS/noun ជា/verb អ្វី/noun ទៅ/prt ?/punct
តើ/prt CS/noun គឺ/verb ជា/verb អ្វី/noun ?/punct
តើ/prt CS/noun សំដៅ/verb ទៅ/verb លើ/adp អ្វី/noun ?/punct
តើ/prt CS/noun រៀន/verb ប៉ុន្មាន/adv ឆ្នាំ/noun
តើ/prt CS/noun រៀន/verb ប៉ុន្មាន/adv ឆមាស/noun
តើ/prt CS/noun រៀន/verb ប៉ុន្មាន/adv ត្រី/noun មាស/noun
តើ/prt CS/noun គេ/pron រៀន/verb ពី/adp អ្វី/noun
តើ/prt CSរៀន/noun ពី/adp អ្វី/noun ទៅ/adp
តើ/prt CS/noun ហ្នឹង/noun សិក្សា/verb អ្វី/noun ខ្លះ/adj
តើ/prt CSហ្នឹង/noun ជា/verb អ្វី/noun ?/punct
តើ/prt CSហ្នឹង/noun ជា/verb អ្វី/noun ទៅ/prt ?/punct
តើ/prt CSហ្នឹង/noun គឺ/verb ជា/verb អ្វី/noun ?/punct
តើ/prt CSហ្នឹង/noun សំដៅ/verb ទៅ/verb លើ/adp អ្វី/noun ?/punct
តើ/prt CSហ្នឹង/noun រៀន/verb ប៉ុន្មាន/adv ឆ្នាំ/noun
តើ/prt CSហ្នឹង/noun រៀន/verb ប៉ុន្មាន/adv ឆមាស/noun
តើ/prt CSហ្នឹង/noun រៀន/verb ប៉ុន្មាន/adv ត្រី/noun មាស/noun
តើ/prt CSហ្នឹង/noun គេ/pron រៀន/verb ពី/adp អ្វី/noun
តើ/prt CS/noun ហ្នឹង/noun រៀន/verb ពី/adp អ្វី/noun ទៅ/adp
តើ/prt ប្រាប់/verb បាន/verb ទេ/prt ថា/conj Computer/noun Science/noun សិក្សា/verb អ្វី/noun ខ្លះ/adj
តើ/prt ប្រាប់/verb បាន/verb ទេ/prt ថា/conj Computer/noun Science/noun ជា/verb អ្វី/noun ?/punct
តើ/prt ប្រាប់/verb បាន/verb ទេ/prt ថា/conj Computer/noun Science/noun ជា/verb អ្វី/noun ទៅ/prt ?/punct
តើ/prt ប្រាប់/verb បាន/verb ទេ/prt ថា/conj Computer/noun Science/noun គឺ/verb ជា/verb អ្វី/noun ?/punct
តើ/prt ប្រាប់/verb បាន/verb ទេ/prt ថា/conj Computer/noun Science/noun សំដៅ/verb ទៅ/verb លើ/adp អ្វី/noun ?/punct
តើ/prt ប្រាប់/verb បាន/verb ទេ/prt ថា/conj Computer/noun Science/noun រៀន/verb ប៉ុន្មាន/adv ឆ្នាំ/noun
តើ/prt ប្រាប់/verb បាន/verb ទេ/prt ថា/conj Computer/noun Science/noun រៀន/verb ប៉ុន្មាន/adv ឆមាស/noun
តើ/prt ប្រាប់/verb បាន/verb ទេ/prt ថា/conj Computer/noun Science/noun រៀន/verb ប៉ុន្មាន/adv ត្រី/noun មាស/noun
តើ/prt ប្រាប់/verb បាន/verb ទេ/prt ថា/conj Computer/noun Science/noun គេ/pron រៀន/verb ពី/adp អ្វី/noun
តើ/prt ប្រាប់/verb បាន/verb ទេ/prt ថា/conj Computer/noun Science/noun រៀន/verb ពី/adp អ្វី/noun ទៅ/adp
តើ/prt ប្រាប់/verb បាន/verb ទេ/prt ថា/conj Computer/noun Science/noun ហ្នឹង/adj សិក្សា/verb អ្វី/noun ខ្លះ/adj
តើ/prt ប្រាប់/verb បាន/verb ទេ/prt ថា/conj Computer/noun Science/noun ហ្នឹង/adj ជា/verb អ្វី/noun ?/punct
តើ/prt ប្រាប់/verb បាន/verb ទេ/prt ថា/conj Computer/noun Science/noun ហ្នឹង/adj ជា/verb អ្វី/noun ទៅ/prt ?/punct
តើ/prt ប្រាប់/verb បាន/verb ទេ/prt ថា/conj Computer/noun Science/noun ហ្នឹង/adj គឺ/verb ជា/verb អ្វី/noun ?/punct
តើ/prt ប្រាប់/verb បាន/verb ទេ/prt ថា/conj Computer/noun Science/noun ហ្នឹង/adj សំដៅ/verb ទៅ/verb លើ/adp អ្វី/noun ?/punct
តើ/prt ប្រាប់/verb បាន/verb ទេ/prt ថា/conj Computer/noun Science/noun ហ្នឹង/noun រៀន/verb ប៉ុន្មាន/adv ឆ្នាំ/noun
តើ/prt ប្រាប់/verb បាន/verb ទេ/prt ថា/conj Computer/noun Science/noun ហ្នឹង/noun រៀន/verb ប៉ុន្មាន/adv ឆមាស/noun
តើ/prt ប្រាប់/verb បាន/verb ទេ/prt ថា/conj Computer/noun Science/noun ហ្នឹង/noun រៀន/verb ប៉ុន្មាន/adv ត្រី/noun មាស/noun
តើ/prt ប្រាប់/verb បាន/verb ទេ/prt ថា/conj Computer/noun Science/noun ហ្នឹង/adj គេ/pron រៀន/verb ពី/adp អ្វី/noun
តើ/prt ប្រាប់/verb បាន/verb ទេ/prt ថា/conj Computer/noun Science/noun ហ្នឹង/noun រៀន/verb ពី/adp អ្វី/noun ទៅ/adp
តើ/prt ប្រាប់/verb បាន/verb ទេ/prt ថា/conj វិទ្យា/noun សាស្ត្រ/noun កុំព្យូទ័រ/noun សិក្សា/verb អ្វី/noun ខ្លះ/adj
តើ/prt ប្រាប់/verb បាន/verb ទេ/prt ថា/conj វិទ្យា/noun សាស្ត្រ/noun កុំព្យូទ័រ/noun ជា/verb អ្វី/noun ?/punct
តើ/prt ប្រាប់/verb បាន/verb ទេ/prt ថា/conj វិទ្យា/noun សាស្ត្រ/noun កុំព្យូទ័រ/noun ជា/verb អ្វី/noun ទៅ/prt ?/punct
តើ/prt ប្រាប់/verb បាន/verb ទេ/prt ថា/conj វិទ្យា/noun សាស្ត្រ/noun កុំព្យូទ័រ/noun គឺ/verb ជា/verb អ្វី/noun ?/punct
តើ/prt ប្រាប់/verb បាន/verb ទេ/prt ថា/conj វិទ្យា/noun សាស្ត្រ/noun កុំព្យូទ័រ/noun សំដៅ/verb ទៅ/verb លើ/adp អ្វី/noun ?/punct
តើ/prt ប្រាប់/verb បាន/verb ទេ/prt ថា/conj វិទ្យា/noun សាស្ត្រ/noun កុំព្យូទ័រ/noun រៀន/verb ប៉ុន្មាន/adv ឆ្នាំ/noun
តើ/prt ប្រាប់/verb បាន/verb ទេ/prt ថា/conj វិទ្យា/noun សាស្ត្រ/noun កុំព្យូទ័រ/noun រៀន/verb ប៉ុន្មាន/adv ឆមាស/noun
តើ/prt ប្រាប់/verb បាន/verb ទេ/prt ថា/conj វិទ្យា/noun សាស្ត្រ/noun កុំព្យូទ័រ/noun រៀន/verb ប៉ុន្មាន/adv ត្រី/noun មាស/noun
តើ/prt ប្រាប់/verb បាន/verb ទេ/prt ថា/conj វិទ្យា/noun សាស្ត្រ/noun កុំព្យូទ័រ/noun គេ/pron រៀន/verb ពី/adp អ្វី/noun
តើ/prt ប្រាប់/verb បាន/verb ទេ/prt ថា/conj វិទ្យា/noun សាស្ត្រ/noun កុំព្យូទ័រ/noun រៀន/verb ពី/adp អ្វី/noun ទៅ/adp
តើ/prt ប្រាប់/verb បាន/verb ទេ/prt ថា/conj វិទ្យា/noun សាស្ត្រ/noun កុំព្យូទ័រ/noun ហ្នឹង/noun សិក្សា/verb អ្វី/noun ខ្លះ/adj
តើ/prt ប្រាប់/verb បាន/verb ទេ/prt ថា/conj វិទ្យា/noun សាស្ត្រ/noun កុំព្យូទ័រ/noun ហ្នឹង/noun ជា/verb អ្វី/noun ?/punct
តើ/prt ប្រាប់/verb បាន/verb ទេ/prt ថា/conj វិទ្យា/noun សាស្ត្រ/noun កុំព្យូទ័រ/noun ហ្នឹង/noun ជា/verb អ្វី/noun ទៅ/prt ?/punct
តើ/prt ប្រាប់/verb បាន/verb ទេ/prt ថា/conj វិទ្យា/noun សាស្ត្រ/noun កុំព្យូទ័រ/noun ហ្នឹង/noun គឺ/verb ជា/verb អ្វី/noun ?/punct
តើ/prt ប្រាប់/verb បាន/verb ទេ/prt ថា/conj វិទ្យា/noun សាស្ត្រ/noun កុំព្យូទ័រ/noun ហ្នឹង/noun សំដៅ/verb ទៅ/verb លើ/adp អ្វី/noun ?/punct
តើ/prt ប្រាប់/verb បាន/verb ទេ/prt ថា/conj វិទ្យា/noun សាស្ត្រ/noun កុំព្យូទ័រ/noun ហ្នឹង/noun រៀន/verb ប៉ុន្មាន/adv ឆ្នាំ/noun
តើ/prt ប្រាប់/verb បាន/verb ទេ/prt ថា/conj វិទ្យា/noun សាស្ត្រ/noun កុំព្យូទ័រ/noun ហ្នឹង/noun រៀន/verb ប៉ុន្មាន/adv ឆមាស/noun
តើ/prt ប្រាប់/verb បាន/verb ទេ/prt ថា/conj វិទ្យា/noun សាស្ត្រ/noun កុំព្យូទ័រ/noun ហ្នឹង/noun រៀន/verb ប៉ុន្មាន/adv ត្រី/noun មាស/noun
តើ/prt ប្រាប់/verb បាន/verb ទេ/prt ថា/conj វិទ្យា/noun សាស្ត្រ/noun កុំព្យូទ័រ/noun ហ្នឹង/adj គេ/pron រៀន/verb ពី/adp អ្វី/noun
តើ/prt ប្រាប់/verb បាន/verb ទេ/prt ថា/conj វិទ្យា/noun សាស្ត្រ/noun កុំព្យូទ័រ/noun ហ្នឹង/noun រៀន/verb ពី/adp អ្វី/noun ទៅ/adp
តើ/prt ប្រាប់/verb បាន/verb ទេ/prt ថា/conj ស៉ីអេស/noun សិក្សា/verb អ្វី/noun ខ្លះ/adj
តើ/prt ប្រាប់/verb បាន/verb ទេ/prt ថា/conj ស៉ីអេស/noun ជា/verb អ្វី/noun ?/punct
តើ/prt ប្រាប់/verb បាន/verb ទេ/prt ថា/conj ស៉ីអេស/noun ជា/verb អ្វី/noun ទៅ/prt ?/punct
តើ/prt ប្រាប់/verb បាន/verb ទេ/prt ថា/conj ស៉ីអេស/noun គឺ/verb ជា/verb អ្វី/noun ?/punct
តើ/prt ប្រាប់/verb បាន/verb ទេ/prt ថា/conj ស៉ីអេស/noun សំដៅ/verb ទៅ/verb លើ/adp អ្វី/noun ?/punct
តើ/prt ប្រាប់/verb បាន/verb ទេ/prt ថា/conj ស៉ី/noun អេស/noun រៀន/verb ប៉ុន្មាន/adv ឆ្នាំ/noun
តើ/prt ប្រាប់/verb បាន/verb ទេ/prt ថា/conj ស៉ី/noun អេសរៀន/noun ប៉ុន្មាន/adv ឆមាស/noun
តើ/prt ប្រាប់/verb បាន/verb ទេ/prt ថា/conj ស៉ី/noun អេសរៀន/noun ប៉ុន្មាន/adv ត្រី/noun មាស/noun
តើ/prt ប្រាប់/verb បាន/verb ទេ/prt ថា/conj ស៉ីអេស/noun គេ/pron រៀន/verb ពី/adp អ្វី/noun
តើ/prt ប្រាប់/verb បាន/verb ទេ/prt ថា/conj ស៉ី/noun អេសរៀន/noun ពី/adp អ្វី/noun ទៅ/adp
តើ/prt ប្រាប់/verb បាន/verb ទេ/prt ថា/conj ស៉ី/noun អេសហ្នឹង/noun សិក្សា/verb អ្វី/noun ខ្លះ/adj
តើ/prt ប្រាប់/verb បាន/verb ទេ/prt ថា/conj ស៉ី/noun អេសហ្នឹង/noun ជា/verb អ្វី/noun ?/punct
តើ/prt ប្រាប់/verb បាន/verb ទេ/prt ថា/conj ស៉ី/noun អេសហ្នឹង/noun ជា/verb អ្វី/noun ទៅ/prt ?/punct
តើ/prt ប្រាប់/verb បាន/verb ទេ/prt ថា/conj ស៉ី/noun អេសហ្នឹង/noun គឺ/verb ជា/verb អ្វី/noun ?/punct
តើ/prt ប្រាប់/verb បាន/verb ទេ/prt ថា/conj ស៉ី/noun អេសហ្នឹង/noun សំដៅ/verb ទៅ/verb លើ/adp អ្វី/noun ?/punct
តើ/prt ប្រាប់/verb បាន/verb ទេ/prt ថា/conj ស៉ី/noun អេសហ្នឹង/noun រៀន/verb ប៉ុន្មាន/adv ឆ្នាំ/noun
តើ/prt ប្រាប់/verb បាន/verb ទេ/prt ថា/conj ស៉ី/noun អេសហ្នឹង/noun រៀន/verb ប៉ុន្មាន/adv ឆមាស/noun
តើ/prt ប្រាប់/verb បាន/verb ទេ/prt ថា/conj ស៉ី/noun អេសហ្នឹង/noun រៀន/verb ប៉ុន្មាន/adv ត្រី/noun មាស/noun
តើ/prt ប្រាប់/verb បាន/verb ទេ/prt ថា/conj ស៉ី/noun អេសហ្នឹង/noun គេ/pron រៀន/verb ពី/adp អ្វី/noun
តើ/prt ប្រាប់/verb បាន/verb ទេ/prt ថា/conj ស៉ី/noun អេសហ្នឹង/noun រៀន/verb ពី/adp អ្វី/noun ទៅ/adp
តើ/prt ប្រាប់/verb បាន/verb ទេ/prt ថា/conj CS/noun សិក្សា/verb អ្វី/noun ខ្លះ/adj
តើ/prt ប្រាប់/verb បាន/verb ទេ/prt ថា/conj CS/noun ជា/verb អ្វី/noun ?/punct
តើ/prt ប្រាប់/verb បាន/verb ទេ/prt ថា/conj CS/noun ជា/verb អ្វី/noun ទៅ/prt ?/punct
តើ/prt ប្រាប់/verb បាន/verb ទេ/prt ថា/conj CS/noun គឺ/verb ជា/verb អ្វី/noun ?/punct
តើ/prt ប្រាប់/verb បាន/verb ទេ/prt ថា/conj CS/noun សំដៅ/verb ទៅ/verb លើ/adp អ្វី/noun ?/punct
តើ/prt ប្រាប់/verb បាន/verb ទេ/prt ថា/conj CS/noun រៀន/verb ប៉ុន្មាន/adv ឆ្នាំ/noun
តើ/prt ប្រាប់/verb បាន/verb ទេ/prt ថា/conj CS/noun រៀន/verb ប៉ុន្មាន/adv ឆមាស/noun
តើ/prt ប្រាប់/verb បាន/verb ទេ/prt ថា/conj CS/noun រៀន/verb ប៉ុន្មាន/adv ត្រី/noun មាស/noun
តើ/prt ប្រាប់/verb បាន/verb ទេ/prt ថា/conj CS/noun គេ/pron រៀន/verb ពី/adp អ្វី/noun
តើ/prt ប្រាប់/verb បាន/verb ទេ/prt ថា/conj CSរៀន/noun ពី/adp អ្វី/noun ទៅ/adp
តើ/prt ប្រាប់/verb បាន/verb ទេ/prt ថា/conj CS/noun ហ្នឹង/noun សិក្សា/verb អ្វី/noun ខ្លះ/adj
តើ/prt ប្រាប់/verb បាន/verb ទេ/prt ថា/conj CS/noun ហ្នឹង/noun ជា/verb អ្វី/noun ?/punct
តើ/prt ប្រាប់/verb បាន/verb ទេ/prt ថា/conj CS/noun ហ្នឹង/noun ជា/verb អ្វី/noun ទៅ/prt ?/punct
តើ/prt ប្រាប់/verb បាន/verb ទេ/prt ថា/conj CS/noun ហ្នឹង/noun គឺ/verb ជា/verb អ្វី/noun ?/punct
តើ/prt ប្រាប់/verb បាន/verb ទេ/prt ថា/conj CS/noun ហ្នឹង/noun សំដៅ/verb ទៅ/verb លើ/adp អ្វី/noun ?/punct
តើ/prt ប្រាប់/verb បាន/verb ទេ/prt ថា/conj CS/noun ហ្នឹង/noun រៀន/verb ប៉ុន្មាន/adv ឆ្នាំ/noun
តើ/prt ប្រាប់/verb បាន/verb ទេ/prt ថា/conj CS/noun ហ្នឹង/noun រៀន/verb ប៉ុន្មាន/adv ឆមាស/noun
តើ/prt ប្រាប់/verb បាន/verb ទេ/prt ថា/conj CS/noun ហ្នឹង/noun រៀន/verb ប៉ុន្មាន/adv ត្រី/noun មាស/noun
តើ/prt ប្រាប់/verb បាន/verb ទេ/prt ថា/conj CSហ្នឹង/noun គេ/pron រៀន/verb ពី/adp អ្វី/noun
តើ/prt ប្រាប់/verb បាន/verb ទេ/prt ថា/conj CS/noun ហ្នឹង/noun រៀន/verb ពី/adp អ្វី/noun ទៅ/adp
តើ/prt ខ្ញុំ/pron ចង់/verb ដឹង/verb ថា/conj Computer/noun Science/noun សិក្សា/verb អ្វី/noun ខ្លះ/adj
តើ/prt ខ្ញុំ/pron ចង់/verb ដឹង/verb ថា/conj Computer/noun Science/noun ជា/verb អ្វី/noun ?/punct
តើ/prt ខ្ញុំ/pron ចង់/verb ដឹង/verb ថា/conj Computer/noun Science/noun ជា/verb អ្វី/noun ទៅ/prt ?/punct
តើ/prt ខ្ញុំ/pron ចង់/verb ដឹង/verb ថា/conj Computer/noun Science/noun គឺ/verb ជា/verb អ្វី/noun ?/punct
តើ/prt ខ្ញុំ/pron ចង់/verb ដឹង/verb ថា/conj Computer/noun Science/noun សំដៅ/verb ទៅ/verb លើ/adp អ្វី/noun ?/punct
តើ/prt ខ្ញុំ/pron ចង់/verb ដឹង/verb ថា/conj Computer/noun Science/noun រៀន/verb ប៉ុន្មាន/adv ឆ្នាំ/noun
តើ/prt ខ្ញុំ/pron ចង់/verb ដឹង/verb ថា/conj Computer/noun Science/noun រៀន/verb ប៉ុន្មាន/adv ឆមាស/noun
តើ/prt ខ្ញុំ/pron ចង់/verb ដឹង/verb ថា/conj Computer/noun Science/noun រៀន/verb ប៉ុន្មាន/adv ត្រី/noun មាស/noun
តើ/prt ខ្ញុំ/pron ចង់/verb ដឹង/verb ថា/conj Computer/noun Science/noun គេ/pron រៀន/verb ពី/adp អ្វី/noun
តើ/prt ខ្ញុំ/pron ចង់/verb ដឹង/verb ថា/conj Computer/noun Science/noun រៀន/verb ពី/adp អ្វី/noun ទៅ/adp
តើ/prt ខ្ញុំ/pron ចង់/verb ដឹង/verb ថា/conj Computer/noun Science/noun ហ្នឹង/noun សិក្សា/verb អ្វី/noun ខ្លះ/adj
តើ/prt ខ្ញុំ/pron ចង់/verb ដឹង/verb ថា/conj Computer/noun Science/noun ហ្នឹង/adj ជា/verb អ្វី/noun ?/punct
តើ/prt ខ្ញុំ/pron ចង់/verb ដឹង/verb ថា/conj Computer/noun Science/noun ហ្នឹង/adj ជា/verb អ្វី/noun ទៅ/prt ?/punct
តើ/prt ខ្ញុំ/pron ចង់/verb ដឹង/verb ថា/conj Computer/noun Science/noun ហ្នឹង/adj គឺ/verb ជា/verb អ្វី/noun ?/punct
តើ/prt ខ្ញុំ/pron ចង់/verb ដឹង/verb ថា/conj Computer/noun Science/noun ហ្នឹង/adj សំដៅ/verb ទៅ/verb លើ/adp អ្វី/noun ?/punct
តើ/prt ខ្ញុំ/pron ចង់/verb ដឹង/verb ថា/conj Computer/noun Science/noun ហ្នឹង/noun រៀន/verb ប៉ុន្មាន/adv ឆ្នាំ/noun
តើ/prt ខ្ញុំ/pron ចង់/verb ដឹង/verb ថា/conj Computer/noun Science/noun ហ្នឹង/noun រៀន/verb ប៉ុន្មាន/adv ឆមាស/noun
តើ/prt ខ្ញុំ/pron ចង់/verb ដឹង/verb ថា/conj Computer/noun Science/noun ហ្នឹង/noun រៀន/verb ប៉ុន្មាន/adv ត្រី/noun មាស/noun
តើ/prt ខ្ញុំ/pron ចង់/verb ដឹង/verb ថា/conj Computer/noun Science/noun ហ្នឹង/adj គេ/pron រៀន/verb ពី/adp អ្វី/noun
តើ/prt ខ្ញុំ/pron ចង់/verb ដឹង/verb ថា/conj Computer/noun Science/noun ហ្នឹង/noun រៀន/verb ពី/adp អ្វី/noun ទៅ/adp
តើ/prt ខ្ញុំ/pron ចង់/verb ដឹង/verb ថា/conj វិទ្យា/noun សាស្ត្រ/noun កុំព្យូទ័រ/noun សិក្សា/verb អ្វី/noun ខ្លះ/adj
តើ/prt ខ្ញុំ/pron ចង់/verb ដឹង/verb ថា/conj វិទ្យា/noun សាស្ត្រ/noun កុំព្យូទ័រ/noun ជា/verb អ្វី/noun ?/punct
តើ/prt ខ្ញុំ/pron ចង់/verb ដឹង/verb ថា/conj វិទ្យា/noun សាស្ត្រ/noun កុំព្យូទ័រ/noun ជា/verb អ្វី/noun ទៅ/prt ?/punct
តើ/prt ខ្ញុំ/pron ចង់/verb ដឹង/verb ថា/conj វិទ្យា/noun សាស្ត្រ/noun កុំព្យូទ័រ/noun គឺ/verb ជា/verb អ្វី/noun ?/punct
តើ/prt ខ្ញុំ/pron ចង់/verb ដឹង/verb ថា/conj វិទ្យា/noun សាស្ត្រ/noun កុំព្យូទ័រ/noun សំដៅ/verb ទៅ/verb លើ/adp អ្វី/noun ?/punct
តើ/prt ខ្ញុំ/pron ចង់/verb ដឹង/verb ថា/conj វិទ្យា/noun សាស្ត្រ/noun កុំព្យូទ័រ/noun រៀន/verb ប៉ុន្មាន/adv ឆ្នាំ/noun
តើ/prt ខ្ញុំ/pron ចង់/verb ដឹង/verb ថា/conj វិទ្យា/noun សាស្ត្រ/noun កុំព្យូទ័រ/noun រៀន/verb ប៉ុន្មាន/adv ឆមាស/noun
តើ/prt ខ្ញុំ/pron ចង់/verb ដឹង/verb ថា/conj វិទ្យា/noun សាស្ត្រ/noun កុំព្យូទ័រ/noun រៀន/verb ប៉ុន្មាន/adv ត្រី/noun មាស/noun
តើ/prt ខ្ញុំ/pron ចង់/verb ដឹង/verb ថា/conj វិទ្យា/noun សាស្ត្រ/noun កុំព្យូទ័រ/noun គេ/pron រៀន/verb ពី/adp អ្វី/noun
តើ/prt ខ្ញុំ/pron ចង់/verb ដឹង/verb ថា/conj វិទ្យា/noun សាស្ត្រ/noun កុំព្យូទ័រ/noun រៀន/verb ពី/adp អ្វី/noun ទៅ/adp
តើ/prt ខ្ញុំ/pron ចង់/verb ដឹង/verb ថា/conj វិទ្យា/noun សាស្ត្រ/noun កុំព្យូទ័រ/noun ហ្នឹង/noun សិក្សា/verb អ្វី/noun ខ្លះ/adj
តើ/prt ខ្ញុំ/pron ចង់/verb ដឹង/verb ថា/conj វិទ្យា/noun សាស្ត្រ/noun កុំព្យូទ័រ/noun ហ្នឹង/noun ជា/verb អ្វី/noun ?/punct
តើ/prt ខ្ញុំ/pron ចង់/verb ដឹង/verb ថា/conj វិទ្យា/noun សាស្ត្រ/noun កុំព្យូទ័រ/noun ហ្នឹង/noun ជា/verb អ្វី/noun ទៅ/prt ?/punct
តើ/prt ខ្ញុំ/pron ចង់/verb ដឹង/verb ថា/conj វិទ្យា/noun សាស្ត្រ/noun កុំព្យូទ័រ/noun ហ្នឹង/noun គឺ/verb ជា/verb អ្វី/noun ?/punct
តើ/prt ខ្ញុំ/pron ចង់/verb ដឹង/verb ថា/conj វិទ្យា/noun សាស្ត្រ/noun កុំព្យូទ័រ/noun ហ្នឹង/noun សំដៅ/verb ទៅ/verb លើ/adp អ្វី/noun ?/punct
តើ/prt ខ្ញុំ/pron ចង់/verb ដឹង/verb ថា/conj វិទ្យា/noun សាស្ត្រ/noun កុំព្យូទ័រ/noun ហ្នឹង/noun រៀន/verb ប៉ុន្មាន/adv ឆ្នាំ/noun
តើ/prt ខ្ញុំ/pron ចង់/verb ដឹង/verb ថា/conj វិទ្យា/noun សាស្ត្រ/noun កុំព្យូទ័រ/noun ហ្នឹង/noun រៀន/verb ប៉ុន្មាន/adv ឆមាស/noun
តើ/prt ខ្ញុំ/pron ចង់/verb ដឹង/verb ថា/conj វិទ្យា/noun សាស្ត្រ/noun កុំព្យូទ័រ/noun ហ្នឹង/noun រៀន/verb ប៉ុន្មាន/adv ត្រី/noun មាស/noun
តើ/prt ខ្ញុំ/pron ចង់/verb ដឹង/verb ថា/conj វិទ្យា/noun សាស្ត្រ/noun កុំព្យូទ័រ/noun ហ្នឹង/adj គេ/pron រៀន/verb ពី/adp អ្វី/noun
តើ/prt ខ្ញុំ/pron ចង់/verb ដឹង/verb ថា/conj វិទ្យា/noun សាស្ត្រ/noun កុំព្យូទ័រ/noun ហ្នឹង/noun រៀន/verb ពី/adp អ្វី/noun ទៅ/adp
តើ/prt ខ្ញុំ/pron ចង់/verb ដឹង/verb ថា/conj ស៉ីអេស/noun សិក្សា/verb អ្វី/noun ខ្លះ/adj
តើ/prt ខ្ញុំ/pron ចង់/verb ដឹង/verb ថា/conj ស៉ីអេស/noun ជា/verb អ្វី/noun ?/punct
តើ/prt ខ្ញុំ/pron ចង់/verb ដឹង/verb ថា/conj ស៉ីអេស/noun ជា/verb អ្វី/noun ទៅ/prt ?/punct
តើ/prt ខ្ញុំ/pron ចង់/verb ដឹង/verb ថា/conj ស៉ីអេស/noun គឺ/verb ជា/verb អ្វី/noun ?/punct
តើ/prt ខ្ញុំ/pron ចង់/verb ដឹង/verb ថា/conj ស៉ីអេស/noun សំដៅ/verb ទៅ/verb លើ/adp អ្វី/noun ?/punct
តើ/prt ខ្ញុំ/pron ចង់/verb ដឹង/verb ថា/conj ស៉ី/noun អេសរៀន/noun ប៉ុន្មាន/adv ឆ្នាំ/noun
តើ/prt ខ្ញុំ/pron ចង់/verb ដឹង/verb ថា/conj ស៉ី/noun អេសរៀន/noun ប៉ុន្មាន/adv ឆមាស/noun
តើ/prt ខ្ញុំ/pron ចង់/verb ដឹង/verb ថា/conj ស៉ី/noun អេសរៀន/noun ប៉ុន្មាន/adv ត្រី/noun មាស/noun
តើ/prt ខ្ញុំ/pron ចង់/verb ដឹង/verb ថា/conj ស៉ីអេស/noun គេ/pron រៀន/verb ពី/adp អ្វី/noun
តើ/prt ខ្ញុំ/pron ចង់/verb ដឹង/verb ថា/conj ស៉ីអេសរៀន/noun ពី/adp អ្វី/noun ទៅ/adp
តើ/prt ខ្ញុំ/pron ចង់/verb ដឹង/verb ថា/conj ស៉ីអេសហ្នឹង/noun សិក្សា/verb អ្វី/noun ខ្លះ/adj
តើ/prt ខ្ញុំ/pron ចង់/verb ដឹង/verb ថា/conj ស៉ីអេសហ្នឹង/noun ជា/verb អ្វី/noun ?/punct
តើ/prt ខ្ញុំ/pron ចង់/verb ដឹង/verb ថា/conj ស៉ីអេសហ្នឹង/noun ជា/verb អ្វី/noun ទៅ/prt ?/punct
តើ/prt ខ្ញុំ/pron ចង់/verb ដឹង/verb ថា/conj ស៉ីអេសហ្នឹង/noun គឺ/verb ជា/verb អ្វី/noun ?/punct
តើ/prt ខ្ញុំ/pron ចង់/verb ដឹង/verb ថា/conj ស៉ីអេសហ្នឹង/noun សំដៅ/verb ទៅ/verb លើ/adp អ្វី/noun ?/punct
តើ/prt ខ្ញុំ/pron ចង់/verb ដឹង/verb ថា/conj ស៉ីអេសហ្នឹង/noun រៀន/verb ប៉ុន្មាន/adv ឆ្នាំ/noun
តើ/prt ខ្ញុំ/pron ចង់/verb ដឹង/verb ថា/conj ស៉ីអេសហ្នឹង/noun រៀន/verb ប៉ុន្មាន/adv ឆមាស/noun
តើ/prt ខ្ញុំ/pron ចង់/verb ដឹង/verb ថា/conj ស៉ីអេសហ្នឹង/noun រៀន/verb ប៉ុន្មាន/adv ត្រី/noun មាស/noun
តើ/prt ខ្ញុំ/pron ចង់/verb ដឹង/verb ថា/conj ស៉ីអេសហ្នឹង/noun គេ/pron រៀន/verb ពី/adp អ្វី/noun
តើ/prt ខ្ញុំ/pron ចង់/verb ដឹង/verb ថា/conj ស៉ីអេសហ្នឹង/noun រៀន/verb ពី/adp អ្វី/noun ទៅ/adp
តើ/prt ខ្ញុំ/pron ចង់/verb ដឹង/verb ថា/conj CS/noun សិក្សា/verb អ្វី/noun ខ្លះ/adj
តើ/prt ខ្ញុំ/pron ចង់/verb ដឹង/verb ថា/conj CS/noun ជា/verb អ្វី/noun ?/punct
តើ/prt ខ្ញុំ/pron ចង់/verb ដឹង/verb ថា/conj CS/noun ជា/verb អ្វី/noun ទៅ/prt ?/punct
តើ/prt ខ្ញុំ/pron ចង់/verb ដឹង/verb ថា/conj CS/noun គឺ/verb ជា/verb អ្វី/noun ?/punct
តើ/prt ខ្ញុំ/pron ចង់/verb ដឹង/verb ថា/conj CS/noun សំដៅ/verb ទៅ/verb លើ/adp អ្វី/noun ?/punct
តើ/prt ខ្ញុំ/pron ចង់/verb ដឹង/verb ថា/conj CS/noun រៀន/verb ប៉ុន្មាន/adv ឆ្នាំ/noun
តើ/prt ខ្ញុំ/pron ចង់/verb ដឹង/verb ថា/conj CS/noun រៀន/verb ប៉ុន្មាន/adv ឆមាស/noun
តើ/prt ខ្ញុំ/pron ចង់/verb ដឹង/verb ថា/conj CS/noun រៀន/verb ប៉ុន្មាន/adv ត្រី/noun មាស/noun
តើ/prt ខ្ញុំ/pron ចង់/verb ដឹង/verb ថា/conj CS/noun គេ/pron រៀន/verb ពី/adp អ្វី/noun
តើ/prt ខ្ញុំ/pron ចង់/verb ដឹង/verb ថា/conj CS/noun រៀន/verb ពី/adp អ្វី/noun ទៅ/adp
តើ/prt ខ្ញុំ/pron ចង់/verb ដឹង/verb ថា/conj CS/noun ហ្នឹង/noun សិក្សា/verb អ្វី/noun ខ្លះ/adj
តើ/prt ខ្ញុំ/pron ចង់/verb ដឹង/verb ថា/conj CS/noun ហ្នឹង/noun ជា/verb អ្វី/noun ?/punct
តើ/prt ខ្ញុំ/pron ចង់/verb ដឹង/verb ថា/conj CS/noun ហ្នឹង/noun ជា/verb អ្វី/noun ទៅ/prt ?/punct
តើ/prt ខ្ញុំ/pron ចង់/verb ដឹង/verb ថា/conj CS/noun ហ្នឹង/noun គឺ/verb ជា/verb អ្វី/noun ?/punct
តើ/prt ខ្ញុំ/pron ចង់/verb ដឹង/verb ថា/conj CS/noun ហ្នឹង/noun សំដៅ/verb ទៅ/verb លើ/adp អ្វី/noun ?/punct
តើ/prt ខ្ញុំ/pron ចង់/verb ដឹង/verb ថា/conj CS/noun ហ្នឹង/noun រៀន/verb ប៉ុន្មាន/adv ឆ្នាំ/noun
តើ/prt ខ្ញុំ/pron ចង់/verb ដឹង/verb ថា/conj CS/noun ហ្នឹង/noun រៀន/verb ប៉ុន្មាន/adv ឆមាស/noun
តើ/prt ខ្ញុំ/pron ចង់/verb ដឹង/verb ថា/conj CS/noun ហ្នឹង/noun រៀន/verb ប៉ុន្មាន/adv ត្រី/noun មាស/noun
តើ/prt ខ្ញុំ/pron ចង់/verb ដឹង/verb ថា/conj CS/noun ហ្នឹង/adj គេ/pron រៀន/verb ពី/adp អ្វី/noun
តើ/prt ខ្ញុំ/pron ចង់/verb ដឹង/verb ថា/conj CS/noun ហ្នឹង/noun រៀន/verb ពី/adp អ្វី/noun ទៅ/adp
តើ/prt អាច/verb ប្រាប់/verb ខ្ញុំ/pron បាន/verb ទេ/prt ថា/conj Computer/noun Science/noun សិក្សា/verb អ្វី/noun ខ្លះ/adj
តើ/prt អាច/verb ប្រាប់/verb ខ្ញុំ/pron បាន/verb ទេ/prt ថា/conj Computer/noun Science/noun ជា/verb អ្វី/noun ?/punct
តើ/prt អាច/verb ប្រាប់/verb ខ្ញុំ/pron បាន/verb ទេ/prt ថា/conj Computer/noun Science/noun ជា/verb អ្វី/noun ទៅ/prt ?/punct
តើ/prt អាច/verb ប្រាប់/verb ខ្ញុំ/pron បាន/verb ទេ/prt ថា/conj Computer/noun Science/noun គឺ/verb ជា/verb អ្វី/noun ?/punct
តើ/prt អាច/verb ប្រាប់/verb ខ្ញុំ/pron បាន/verb ទេ/prt ថា/conj Computer/noun Science/noun សំដៅ/verb ទៅ/verb លើ/adp អ្វី/noun ?/punct
តើ/prt អាច/verb ប្រាប់/verb ខ្ញុំ/pron បាន/verb ទេ/prt ថា/conj Computer/noun Science/noun រៀន/verb ប៉ុន្មាន/adv ឆ្នាំ/noun
តើ/prt អាច/verb ប្រាប់/verb ខ្ញុំ/pron បាន/verb ទេ/prt ថា/conj Computer/noun Science/noun រៀន/verb ប៉ុន្មាន/adv ឆមាស/noun
តើ/prt អាច/verb ប្រាប់/verb ខ្ញុំ/pron បាន/verb ទេ/prt ថា/conj Computer/noun Science/noun រៀន/verb ប៉ុន្មាន/adv ត្រី/noun មាស/noun
តើ/prt អាច/verb ប្រាប់/verb ខ្ញុំ/pron បាន/verb ទេ/prt ថា/conj Computer/noun Science/noun គេ/pron រៀន/verb ពី/adp អ្វី/noun
តើ/prt អាច/verb ប្រាប់/verb ខ្ញុំ/pron បាន/verb ទេ/prt ថា/conj Computer/noun Science/noun រៀន/verb ពី/adp អ្វី/noun ទៅ/adp
តើ/prt អាច/verb ប្រាប់/verb ខ្ញុំ/pron បាន/verb ទេ/prt ថា/conj Computer/noun Science/noun ហ្នឹង/adj សិក្សា/verb អ្វី/noun ខ្លះ/adj
តើ/prt អាច/verb ប្រាប់/verb ខ្ញុំ/pron បាន/verb ទេ/prt ថា/conj Computer/noun Science/noun ហ្នឹង/adj ជា/verb អ្វី/noun ?/punct
តើ/prt អាច/verb ប្រាប់/verb ខ្ញុំ/pron បាន/verb ទេ/prt ថា/conj Computer/noun Science/noun ហ្នឹង/adj ជា/verb អ្វី/noun ទៅ/prt ?/punct
តើ/prt អាច/verb ប្រាប់/verb ខ្ញុំ/pron បាន/verb ទេ/prt ថា/conj Computer/noun Science/noun ហ្នឹង/adj គឺ/verb ជា/verb អ្វី/noun ?/punct
តើ/prt អាច/verb ប្រាប់/verb ខ្ញុំ/pron បាន/verb ទេ/prt ថា/conj Computer/noun Science/noun ហ្នឹង/adj សំដៅ/verb ទៅ/verb លើ/adp អ្វី/noun ?/punct
តើ/prt អាច/verb ប្រាប់/verb ខ្ញុំ/pron បាន/verb ទេ/prt ថា/conj Computer/noun Science/noun ហ្នឹង/noun រៀន/verb ប៉ុន្មាន/adv ឆ្នាំ/noun
តើ/prt អាច/verb ប្រាប់/verb ខ្ញុំ/pron បាន/verb ទេ/prt ថា/conj Computer/noun Science/noun ហ្នឹង/noun រៀន/verb ប៉ុន្មាន/adv ឆមាស/noun
តើ/prt អាច/verb ប្រាប់/verb ខ្ញុំ/pron បាន/verb ទេ/prt ថា/conj Computer/noun Science/noun ហ្នឹង/noun រៀន/verb ប៉ុន្មាន/adv ត្រី/noun មាស/noun
តើ/prt អាច/verb ប្រាប់/verb ខ្ញុំ/pron បាន/verb ទេ/prt ថា/conj Computer/noun Science/noun ហ្នឹង/adj គេ/pron រៀន/verb ពី/adp អ្វី/noun
តើ/prt អាច/verb ប្រាប់/verb ខ្ញុំ/pron បាន/verb ទេ/prt ថា/conj Computer/noun Science/noun ហ្នឹង/noun រៀន/verb ពី/adp អ្វី/noun ទៅ/adp
តើ/prt អាច/verb ប្រាប់/verb ខ្ញុំ/pron បាន/verb ទេ/prt ថា/conj វិទ្យា/noun សាស្ត្រ/noun កុំព្យូទ័រ/noun សិក្សា/verb អ្វី/noun ខ្លះ/adj
តើ/prt អាច/verb ប្រាប់/verb ខ្ញុំ/pron បាន/verb ទេ/prt ថា/conj វិទ្យា/noun សាស្ត្រ/noun កុំព្យូទ័រ/noun ជា/verb អ្វី/noun ?/punct
តើ/prt អាច/verb ប្រាប់/verb ខ្ញុំ/pron បាន/verb ទេ/prt ថា/conj វិទ្យា/noun សាស្ត្រ/noun កុំព្យូទ័រ/noun ជា/verb អ្វី/noun ទៅ/prt ?/punct
តើ/prt អាច/verb ប្រាប់/verb ខ្ញុំ/pron បាន/verb ទេ/prt ថា/conj វិទ្យា/noun សាស្ត្រ/noun កុំព្យូទ័រ/noun គឺ/verb ជា/verb អ្វី/noun ?/punct
តើ/prt អាច/verb ប្រាប់/verb ខ្ញុំ/pron បាន/verb ទេ/prt ថា/conj វិទ្យា/noun សាស្ត្រ/noun កុំព្យូទ័រ/noun សំដៅ/verb ទៅ/verb លើ/adp អ្វី/noun ?/punct
តើ/prt អាច/verb ប្រាប់/verb ខ្ញុំ/pron បាន/verb ទេ/prt ថា/conj វិទ្យា/noun សាស្ត្រ/noun កុំព្យូទ័រ/noun រៀន/verb ប៉ុន្មាន/adv ឆ្នាំ/noun
តើ/prt អាច/verb ប្រាប់/verb ខ្ញុំ/pron បាន/verb ទេ/prt ថា/conj វិទ្យា/noun សាស្ត្រ/noun កុំព្យូទ័រ/noun រៀន/verb ប៉ុន្មាន/adv ឆមាស/noun
តើ/prt អាច/verb ប្រាប់/verb ខ្ញុំ/pron បាន/verb ទេ/prt ថា/conj វិទ្យា/noun សាស្ត្រ/noun កុំព្យូទ័រ/noun រៀន/verb ប៉ុន្មាន/adv ត្រី/noun មាស/noun
តើ/prt អាច/verb ប្រាប់/verb ខ្ញុំ/pron បាន/verb ទេ/prt ថា/conj វិទ្យា/noun សាស្ត្រ/noun កុំព្យូទ័រ/noun គេ/pron រៀន/verb ពី/adp អ្វី/noun
តើ/prt អាច/verb ប្រាប់/verb ខ្ញុំ/pron បាន/verb ទេ/prt ថា/conj វិទ្យា/noun សាស្ត្រ/noun កុំព្យូទ័រ/noun រៀន/verb ពី/adp អ្វី/noun ទៅ/adp
តើ/prt អាច/verb ប្រាប់/verb ខ្ញុំ/pron បាន/verb ទេ/prt ថា/conj វិទ្យា/noun សាស្ត្រ/noun កុំព្យូទ័រ/noun ហ្នឹង/noun សិក្សា/verb អ្វី/noun ខ្លះ/adj
តើ/prt អាច/verb ប្រាប់/verb ខ្ញុំ/pron បាន/verb ទេ/prt ថា/conj វិទ្យា/noun សាស្ត្រ/noun កុំព្យូទ័រ/noun ហ្នឹង/noun ជា/verb អ្វី/noun ?/punct
តើ/prt អាច/verb ប្រាប់/verb ខ្ញុំ/pron បាន/verb ទេ/prt ថា/conj វិទ្យា/noun សាស្ត្រ/noun កុំព្យូទ័រ/noun ហ្នឹង/noun ជា/verb អ្វី/noun ទៅ/prt ?/punct
តើ/prt អាច/verb ប្រាប់/verb ខ្ញុំ/pron បាន/verb ទេ/prt ថា/conj វិទ្យា/noun សាស្ត្រ/noun កុំព្យូទ័រ/noun ហ្នឹង/noun គឺ/verb ជា/verb អ្វី/noun ?/punct
តើ/prt អាច/verb ប្រាប់/verb ខ្ញុំ/pron បាន/verb ទេ/prt ថា/conj វិទ្យា/noun សាស្ត្រ/noun កុំព្យូទ័រ/noun ហ្នឹង/noun សំដៅ/verb ទៅ/verb លើ/adp អ្វី/noun ?/punct
តើ/prt អាច/verb ប្រាប់/verb ខ្ញុំ/pron បាន/verb ទេ/prt ថា/conj វិទ្យា/noun សាស្ត្រ/noun កុំព្យូទ័រ/noun ហ្នឹង/noun រៀន/verb ប៉ុន្មាន/adv ឆ្នាំ/noun
តើ/prt អាច/verb ប្រាប់/verb ខ្ញុំ/pron បាន/verb ទេ/prt ថា/conj វិទ្យា/noun សាស្ត្រ/noun កុំព្យូទ័រ/noun ហ្នឹង/noun រៀន/verb ប៉ុន្មាន/adv ឆមាស/noun
តើ/prt អាច/verb ប្រាប់/verb ខ្ញុំ/pron បាន/verb ទេ/prt ថា/conj វិទ្យា/noun សាស្ត្រ/noun កុំព្យូទ័រ/noun ហ្នឹង/noun រៀន/verb ប៉ុន្មាន/adv ត្រី/noun មាស/noun
តើ/prt អាច/verb ប្រាប់/verb ខ្ញុំ/pron បាន/verb ទេ/prt ថា/conj វិទ្យា/noun សាស្ត្រ/noun កុំព្យូទ័រ/noun ហ្នឹង/adj គេ/pron រៀន/verb ពី/adp អ្វី/noun
តើ/prt អាច/verb ប្រាប់/verb ខ្ញុំ/pron បាន/verb ទេ/prt ថា/conj វិទ្យា/noun សាស្ត្រ/noun កុំព្យូទ័រ/noun ហ្នឹង/noun រៀន/verb ពី/adp អ្វី/noun ទៅ/adp
តើ/prt អាច/verb ប្រាប់/verb ខ្ញុំ/pron បាន/verb ទេ/prt ថា/conj ស៉ី/noun អេស/noun សិក្សា/verb អ្វី/noun ខ្លះ/adj
តើ/prt អាច/verb ប្រាប់/verb ខ្ញុំ/pron បាន/verb ទេ/prt ថា/conj ស៉ី/noun អេស/noun ជា/verb អ្វី/noun ?/punct
តើ/prt អាច/verb ប្រាប់/verb ខ្ញុំ/pron បាន/verb ទេ/prt ថា/conj ស៉ី/noun អេស/noun ជា/verb អ្វី/noun ទៅ/prt ?/punct
តើ/prt អាច/verb ប្រាប់/verb ខ្ញុំ/pron បាន/verb ទេ/prt ថា/conj ស៉ីអេស/noun គឺ/verb ជា/verb អ្វី/noun ?/punct
តើ/prt អាច/verb ប្រាប់/verb ខ្ញុំ/pron បាន/verb ទេ/prt ថា/conj ស៉ី/noun អេស/noun សំដៅ/verb ទៅ/verb លើ/adp អ្វី/noun ?/punct
តើ/prt អាច/verb ប្រាប់/verb ខ្ញុំ/pron បាន/verb ទេ/prt ថា/conj ស៉ី/noun អេសរៀន/noun ប៉ុន្មាន/adv ឆ្នាំ/noun
តើ/prt អាច/verb ប្រាប់/verb ខ្ញុំ/pron បាន/verb ទេ/prt ថា/conj ស៉ី/noun អេសរៀន/noun ប៉ុន្មាន/adv ឆមាស/noun
តើ/prt អាច/verb ប្រាប់/verb ខ្ញុំ/pron បាន/verb ទេ/prt ថា/conj ស៉ី/noun អេសរៀន/noun ប៉ុន្មាន/adv ត្រី/noun មាស/noun
តើ/prt អាច/verb ប្រាប់/verb ខ្ញុំ/pron បាន/verb ទេ/prt ថា/conj ស៉ី/noun អេស/noun គេ/pron រៀន/verb ពី/adp អ្វី/noun
តើ/prt អាច/verb ប្រាប់/verb ខ្ញុំ/pron បាន/verb ទេ/prt ថា/conj ស៉ី/noun អេសរៀន/noun ពី/adp អ្វី/noun ទៅ/adp
តើ/prt អាច/verb ប្រាប់/verb ខ្ញុំ/pron បាន/verb ទេ/prt ថា/conj ស៉ី/noun អេសហ្នឹង/noun សិក្សា/verb អ្វី/noun ខ្លះ/adj
តើ/prt អាច/verb ប្រាប់/verb ខ្ញុំ/pron បាន/verb ទេ/prt ថា/conj ស៉ី/noun អេសហ្នឹង/noun ជា/verb អ្វី/noun ?/punct
តើ/prt អាច/verb ប្រាប់/verb ខ្ញុំ/pron បាន/verb ទេ/prt ថា/conj ស៉ី/noun អេសហ្នឹង/noun ជា/verb អ្វី/noun ទៅ/prt ?/punct
តើ/prt អាច/verb ប្រាប់/verb ខ្ញុំ/pron បាន/verb ទេ/prt ថា/conj ស៉ី/noun អេសហ្នឹង/noun គឺ/verb ជា/verb អ្វី/noun ?/punct
តើ/prt អាច/verb ប្រាប់/verb ខ្ញុំ/pron បាន/verb ទេ/prt ថា/conj ស៉ី/noun អេសហ្នឹង/noun សំដៅ/verb ទៅ/verb លើ/adp អ្វី/noun ?/punct
តើ/prt អាច/verb ប្រាប់/verb ខ្ញុំ/pron បាន/verb ទេ/prt ថា/conj ស៉ី/noun អេសហ្នឹង/noun រៀន/verb ប៉ុន្មាន/adv ឆ្នាំ/noun
តើ/prt អាច/verb ប្រាប់/verb ខ្ញុំ/pron បាន/verb ទេ/prt ថា/conj ស៉ី/noun អេសហ្នឹង/noun រៀន/verb ប៉ុន្មាន/adv ឆមាស/noun
តើ/prt អាច/verb ប្រាប់/verb ខ្ញុំ/pron បាន/verb ទេ/prt ថា/conj ស៉ី/noun អេសហ្នឹង/noun រៀន/verb ប៉ុន្មាន/adv ត្រី/noun មាស/noun
តើ/prt អាច/verb ប្រាប់/verb ខ្ញុំ/pron បាន/verb ទេ/prt ថា/conj ស៉ី/noun អេសហ្នឹង/noun គេ/pron រៀន/verb ពី/adp អ្វី/noun
តើ/prt អាច/verb ប្រាប់/verb ខ្ញុំ/pron បាន/verb ទេ/prt ថា/conj ស៉ី/noun អេសហ្នឹង/noun រៀន/verb ពី/adp អ្វី/noun ទៅ/adp
តើ/prt អាច/verb ប្រាប់/verb ខ្ញុំ/pron បាន/verb ទេ/prt ថា/conj CS/noun សិក្សា/verb អ្វី/noun ខ្លះ/adj
តើ/prt អាច/verb ប្រាប់/verb ខ្ញុំ/pron បាន/verb ទេ/prt ថា/conj CS/noun ជា/verb អ្វី/noun ?/punct
តើ/prt អាច/verb ប្រាប់/verb ខ្ញុំ/pron បាន/verb ទេ/prt ថា/conj CS/noun ជា/verb អ្វី/noun ទៅ/prt ?/punct
តើ/prt អាច/verb ប្រាប់/verb ខ្ញុំ/pron បាន/verb ទេ/prt ថា/conj CS/noun គឺ/verb ជា/verb អ្វី/noun ?/punct
តើ/prt អាច/verb ប្រាប់/verb ខ្ញុំ/pron បាន/verb ទេ/prt ថា/conj CS/noun សំដៅ/verb ទៅ/verb លើ/adp អ្វី/noun ?/punct
តើ/prt អាច/verb ប្រាប់/verb ខ្ញុំ/pron បាន/verb ទេ/prt ថា/conj CS/noun រៀន/verb ប៉ុន្មាន/adv ឆ្នាំ/noun
តើ/prt អាច/verb ប្រាប់/verb ខ្ញុំ/pron បាន/verb ទេ/prt ថា/conj CS/noun រៀន/verb ប៉ុន្មាន/adv ឆមាស/noun
តើ/prt អាច/verb ប្រាប់/verb ខ្ញុំ/pron បាន/verb ទេ/prt ថា/conj CS/noun រៀន/verb ប៉ុន្មាន/adv ត្រី/noun មាស/noun
តើ/prt អាច/verb ប្រាប់/verb ខ្ញុំ/pron បាន/verb ទេ/prt ថា/conj CS/noun គេ/pron រៀន/verb ពី/adp អ្វី/noun
តើ/prt អាច/verb ប្រាប់/verb ខ្ញុំ/pron បាន/verb ទេ/prt ថា/conj CS/noun រៀន/verb ពី/adp អ្វី/noun ទៅ/adp
តើ/prt អាច/verb ប្រាប់/verb ខ្ញុំ/pron បាន/verb ទេ/prt ថា/conj CS/noun ហ្នឹង/noun សិក្សា/verb អ្វី/noun ខ្លះ/adj
តើ/prt អាច/verb ប្រាប់/verb ខ្ញុំ/pron បាន/verb ទេ/prt ថា/conj CS/noun ហ្នឹង/noun ជា/verb អ្វី/noun ?/punct
តើ/prt អាច/verb ប្រាប់/verb ខ្ញុំ/pron បាន/verb ទេ/prt ថា/conj CS/noun ហ្នឹង/noun ជា/verb អ្វី/noun ទៅ/prt ?/punct
តើ/prt អាច/verb ប្រាប់/verb ខ្ញុំ/pron បាន/verb ទេ/prt ថា/conj CS/noun ហ្នឹង/noun គឺ/verb ជា/verb អ្វី/noun ?/punct
តើ/prt អាច/verb ប្រាប់/verb ខ្ញុំ/pron បាន/verb ទេ/prt ថា/conj CS/noun ហ្នឹង/noun សំដៅ/verb ទៅ/verb លើ/adp អ្វី/noun ?/punct
តើ/prt អាច/verb ប្រាប់/verb ខ្ញុំ/pron បាន/verb ទេ/prt ថា/conj CS/noun ហ្នឹង/noun រៀន/verb ប៉ុន្មាន/adv ឆ្នាំ/noun
តើ/prt អាច/verb ប្រាប់/verb ខ្ញុំ/pron បាន/verb ទេ/prt ថា/conj CS/noun ហ្នឹង/noun រៀន/verb ប៉ុន្មាន/adv ឆមាស/noun
តើ/prt អាច/verb ប្រាប់/verb ខ្ញុំ/pron បាន/verb ទេ/prt ថា/conj CS/noun ហ្នឹង/noun រៀន/verb ប៉ុន្មាន/adv ត្រី/noun មាស/noun
តើ/prt អាច/verb ប្រាប់/verb ខ្ញុំ/pron បាន/verb ទេ/prt ថា/conj CS/noun ហ្នឹង/adj គេ/pron រៀន/verb ពី/adp អ្វី/noun
តើ/prt អាច/verb ប្រាប់/verb ខ្ញុំ/pron បាន/verb ទេ/prt ថា/conj CS/noun ហ្នឹង/noun រៀន/verb ពី/adp អ្វី/noun ទៅ/adp
តើ/prt Computer/noun Science/noun បង់/verb ថ្លៃ/noun ប៉ុន្មាន/adv ដែរ/adv
តើ/prt Computer/noun Science/noun មាន/verb តម្លៃ/noun ប៉ុន្មាន/adv
តើ/prt Computer/noun Science/noun មាន/verb តម្លៃ/noun សិក្សា/verb យ៉ាង/prt ដូច/verb ម្ដេច/adv ដែរ/adv
តើ/prt វិទ្យា/noun សាស្ត្រ/noun កុំព្យូទ័រ/noun បង់/verb ថ្លៃ/noun ប៉ុន្មាន/adv ដែរ/adv
តើ/prt វិទ្យា/noun សាស្ត្រ/noun កុំព្យូទ័រ/noun មាន/verb តម្លៃ/noun ប៉ុន្មាន/adv
តើ/prt វិទ្យា/noun សាស្ត្រ/noun កុំព្យូទ័រ/noun មាន/verb តម្លៃ/noun សិក្សា/verb យ៉ាង/prt ដូច/verb ម្ដេច/adv ដែរ/adv
តើ/noun ស៉ីអេស/noun បង់/verb ថ្លៃ/noun ប៉ុន្មាន/adv ដែរ/adv
តើ/noun ស៉ីអេស/noun មាន/verb តម្លៃ/noun ប៉ុន្មាន/adv
តើ/noun ស៉ីអេស/noun មាន/verb តម្លៃ/noun សិក្សា/verb យ៉ាង/prt ដូច/verb ម្ដេច/adv ដែរ/adv
តើ/prt CS/noun បង់/verb ថ្លៃ/noun ប៉ុន្មាន/adv ដែរ/adv
តើ/prt CS/noun មាន/verb តម្លៃ/noun ប៉ុន្មាន/adv
តើ/prt CS/noun មាន/verb តម្លៃ/noun សិក្សា/verb យ៉ាង/prt ដូច/verb ម្ដេច/adv ដែរ/adv
តើ/prt ប្រាប់/verb បាន/verb ទេ/prt ថា/conj Computer/noun Science/noun បង់/verb ថ្លៃ/noun ប៉ុន្មាន/adv ដែរ/adv
តើ/prt ប្រាប់/verb បាន/verb ទេ/prt ថា/conj Computer/noun Science/noun មាន/verb តម្លៃ/noun ប៉ុន្មាន/adv
តើ/prt ប្រាប់/verb បាន/verb ទេ/prt ថា/conj Computer/noun Science/noun មាន/verb តម្លៃ/noun សិក្សា/verb យ៉ាង/prt ដូច/verb ម្ដេច/adv ដែរ/adv
តើ/prt ប្រាប់/verb បាន/verb ទេ/prt ថា/conj វិទ្យា/noun សាស្ត្រ/noun កុំព្យូទ័រ/noun បង់/verb ថ្លៃ/noun ប៉ុន្មាន/adv ដែរ/adv
តើ/prt ប្រាប់/verb បាន/verb ទេ/prt ថា/conj វិទ្យា/noun សាស្ត្រ/noun កុំព្យូទ័រ/noun មាន/verb តម្លៃ/noun ប៉ុន្មាន/adv
តើ/prt ប្រាប់/verb បាន/verb ទេ/prt ថា/conj វិទ្យា/noun សាស្ត្រ/noun កុំព្យូទ័រ/noun មាន/verb តម្លៃ/noun សិក្សា/verb យ៉ាង/prt ដូច/verb ម្ដេច/adv ដែរ/adv
តើ/prt ប្រាប់/verb បាន/verb ទេ/prt ថា/conj ស៉ី/noun អេស/noun បង់ថ្លៃ/verb ប៉ុន្មាន/adv ដែរ/adv
តើ/prt ប្រាប់/verb បាន/verb ទេ/prt ថា/conj ស៉ីអេស/noun មាន/verb តម្លៃ/noun ប៉ុន្មាន/adv
តើ/prt ប្រាប់/verb បាន/verb ទេ/prt ថា/conj ស៉ីអេស/noun មាន/verb តម្លៃ/noun សិក្សា/verb យ៉ាង/prt ដូច/verb ម្ដេច/adv ដែរ/adv
តើ/prt ប្រាប់/verb បាន/verb ទេ/prt ថា/conj CS/noun បង់ថ្លៃ/verb ប៉ុន្មាន/adv ដែរ/adv
តើ/prt ប្រាប់/verb បាន/verb ទេ/prt ថា/conj CS/noun មាន/verb តម្លៃ/noun ប៉ុន្មាន/adv
តើ/prt ប្រាប់/verb បាន/verb ទេ/prt ថា/conj CS/noun មាន/verb តម្លៃ/noun សិក្សា/verb យ៉ាង/prt ដូច/verb ម្ដេច/adv ដែរ/adv
តើ/prt ខ្ញុំ/pron ចង់/verb ដឹង/verb ថា/conj Computer/noun Science/noun បង់/verb ថ្លៃ/noun ប៉ុន្មាន/adv ដែរ/adv
តើ/prt ខ្ញុំ/pron ចង់/verb ដឹង/verb ថា/conj Computer/noun Science/noun មាន/verb តម្លៃ/noun ប៉ុន្មាន/adv
តើ/prt ខ្ញុំ/pron ចង់/verb ដឹង/verb ថា/conj Computer/noun Science/noun មាន/verb តម្លៃ/noun សិក្សា/verb យ៉ាង/prt ដូច/verb ម្ដេច/adv ដែរ/adv
តើ/prt ខ្ញុំ/pron ចង់/verb ដឹង/verb ថា/conj វិទ្យា/noun សាស្ត្រ/noun កុំព្យូទ័រ/noun បង់/verb ថ្លៃ/noun ប៉ុន្មាន/adv ដែរ/adv
តើ/prt ខ្ញុំ/pron ចង់/verb ដឹង/verb ថា/conj វិទ្យា/noun សាស្ត្រ/noun កុំព្យូទ័រ/noun មាន/verb តម្លៃ/noun ប៉ុន្មាន/adv
តើ/prt ខ្ញុំ/pron ចង់/verb ដឹង/verb ថា/conj វិទ្យា/noun សាស្ត្រ/noun កុំព្យូទ័រ/noun មាន/verb តម្លៃ/noun សិក្សា/verb យ៉ាង/prt ដូច/verb ម្ដេច/adv ដែរ/adv
តើ/prt ខ្ញុំ/pron ចង់/verb ដឹង/verb ថា/conj ស៉ីអេស/noun បង់ថ្លៃ/verb ប៉ុន្មាន/adv ដែរ/adv
តើ/prt ខ្ញុំ/pron ចង់/verb ដឹង/verb ថា/conj ស៉ីអេស/noun មាន/verb តម្លៃ/noun ប៉ុន្មាន/adv
តើ/prt ខ្ញុំ/pron ចង់/verb ដឹង/verb ថា/conj ស៉ីអេស/noun មាន/verb តម្លៃ/noun សិក្សា/verb យ៉ាង/prt ដូច/verb ម្ដេច/adv ដែរ/adv
តើ/prt ខ្ញុំ/pron ចង់/verb ដឹង/verb ថា/conj CS/noun បង់ថ្លៃ/verb ប៉ុន្មាន/adv ដែរ/adv
តើ/prt ខ្ញុំ/pron ចង់/verb ដឹង/verb ថា/conj CS/noun មាន/verb តម្លៃ/noun ប៉ុន្មាន/adv
តើ/prt ខ្ញុំ/pron ចង់/verb ដឹង/verb ថា/conj CS/noun មាន/verb តម្លៃ/noun សិក្សា/verb យ៉ាង/prt ដូច/verb ម្ដេច/adv ដែរ/adv
តើ/prt អាច/verb ប្រាប់/verb ខ្ញុំ/pron បាន/verb ទេ/prt ថា/conj Computer/noun Science/noun បង់/verb ថ្លៃ/noun ប៉ុន្មាន/adv ដែរ/adv
តើ/prt អាច/verb ប្រាប់/verb ខ្ញុំ/pron បាន/verb ទេ/prt ថា/conj Computer/noun Science/noun មាន/verb តម្លៃ/noun ប៉ុន្មាន/adv
តើ/prt អាច/verb ប្រាប់/verb ខ្ញុំ/pron បាន/verb ទេ/prt ថា/conj Computer/noun Science/noun មាន/verb តម្លៃ/noun សិក្សា/verb យ៉ាង/prt ដូច/verb ម្ដេច/adv ដែរ/adv
តើ/prt អាច/verb ប្រាប់/verb ខ្ញុំ/pron បាន/verb ទេ/prt ថា/conj វិទ្យា/noun សាស្ត្រ/noun កុំព្យូទ័រ/noun បង់/verb ថ្លៃ/noun ប៉ុន្មាន/adv ដែរ/adv
តើ/prt អាច/verb ប្រាប់/verb ខ្ញុំ/pron បាន/verb ទេ/prt ថា/conj វិទ្យា/noun សាស្ត្រ/noun កុំព្យូទ័រ/noun មាន/verb តម្លៃ/noun ប៉ុន្មាន/adv
តើ/prt អាច/verb ប្រាប់/verb ខ្ញុំ/pron បាន/verb ទេ/prt ថា/conj វិទ្យា/noun សាស្ត្រ/noun កុំព្យូទ័រ/noun មាន/verb តម្លៃ/noun សិក្សា/verb យ៉ាង/prt ដូច/verb ម្ដេច/adv ដែរ/adv
តើ/prt អាច/verb ប្រាប់/verb ខ្ញុំ/pron បាន/verb ទេ/prt ថា/conj ស៉ី/noun អេស/noun បង់ថ្លៃ/verb ប៉ុន្មាន/adv ដែរ/adv
តើ/prt អាច/verb ប្រាប់/verb ខ្ញុំ/pron បាន/verb ទេ/prt ថា/conj ស៉ី/noun អេស/noun មាន/verb តម្លៃ/noun ប៉ុន្មាន/adv
តើ/prt អាច/verb ប្រាប់/verb ខ្ញុំ/pron បាន/verb ទេ/prt ថា/conj ស៉ី/noun អេស/noun មាន/verb តម្លៃ/noun សិក្សា/verb យ៉ាង/prt ដូច/verb ម្ដេច/adv ដែរ/adv
តើ/prt អាច/verb ប្រាប់/verb ខ្ញុំ/pron បាន/verb ទេ/prt ថា/conj CS/noun បង់ថ្លៃ/verb ប៉ុន្មាន/adv ដែរ/adv
តើ/prt អាច/verb ប្រាប់/verb ខ្ញុំ/pron បាន/verb ទេ/prt ថា/conj CS/noun មាន/verb តម្លៃ/noun ប៉ុន្មាន/adv
តើ/prt អាច/verb ប្រាប់/verb ខ្ញុំ/pron បាន/verb ទេ/prt ថា/conj CS/noun មាន/verb តម្លៃ/noun សិក្សា/verb យ៉ាង/prt ដូច/verb ម្ដេច/adv ដែរ/adv
តើ/prt Computer/noun Science/noun បង់/verb ថ្លៃ/noun ប៉ុន្មាន/adv ដែរ/adv
តើ/prt Computer/noun Science/noun មាន/verb តម្លៃ/noun ប៉ុន្មាន/adv
តើ/prt Computer/noun Science/noun មាន/verb តម្លៃ/noun សិក្សា/verb យ៉ាង/prt ដូច/verb ម្ដេច/adv ដែរ/adv
តើ/prt វិទ្យា/noun សាស្ត្រ/noun កុំព្យូទ័រ/noun បង់/verb ថ្លៃ/noun ប៉ុន្មាន/adv ដែរ/adv
តើ/prt វិទ្យា/noun សាស្ត្រ/noun កុំព្យូទ័រ/noun មាន/verb តម្លៃ/noun ប៉ុន្មាន/adv
តើ/prt វិទ្យា/noun សាស្ត្រ/noun កុំព្យូទ័រ/noun មាន/verb តម្លៃ/noun សិក្សា/verb យ៉ាង/prt ដូច/verb ម្ដេច/adv ដែរ/adv
តើ/noun ស៉ីអេស/noun បង់/verb ថ្លៃ/noun ប៉ុន្មាន/adv ដែរ/adv
តើ/noun ស៉ីអេស/noun មាន/verb តម្លៃ/noun ប៉ុន្មាន/adv
តើ/noun ស៉ីអេស/noun មាន/verb តម្លៃ/noun សិក្សា/verb យ៉ាង/prt ដូច/verb ម្ដេច/adv ដែរ/adv
តើ/prt CS/noun បង់/verb ថ្លៃ/noun ប៉ុន្មាន/adv ដែរ/adv
តើ/prt CS/noun មាន/verb តម្លៃ/noun ប៉ុន្មាន/adv
តើ/prt CS/noun មាន/verb តម្លៃ/noun សិក្សា/verb យ៉ាង/prt ដូច/verb ម្ដេច/adv ដែរ/adv
តើ/prt ប្រាប់/verb បាន/verb ទេ/prt ថា/conj Computer/noun Science/noun បង់/verb ថ្លៃ/noun ប៉ុន្មាន/adv ដែរ/adv
តើ/prt ប្រាប់/verb បាន/verb ទេ/prt ថា/conj Computer/noun Science/noun មាន/verb តម្លៃ/noun ប៉ុន្មាន/adv
តើ/prt ប្រាប់/verb បាន/verb ទេ/prt ថា/conj Computer/noun Science/noun មាន/verb តម្លៃ/noun សិក្សា/verb យ៉ាង/prt ដូច/verb ម្ដេច/adv ដែរ/adv
តើ/prt ប្រាប់/verb បាន/verb ទេ/prt ថា/conj វិទ្យា/noun សាស្ត្រ/noun កុំព្យូទ័រ/noun បង់/verb ថ្លៃ/noun ប៉ុន្មាន/adv ដែរ/adv
តើ/prt ប្រាប់/verb បាន/verb ទេ/prt ថា/conj វិទ្យា/noun សាស្ត្រ/noun កុំព្យូទ័រ/noun មាន/verb តម្លៃ/noun ប៉ុន្មាន/adv
តើ/prt ប្រាប់/verb បាន/verb ទេ/prt ថា/conj វិទ្យា/noun សាស្ត្រ/noun កុំព្យូទ័រ/noun មាន/verb តម្លៃ/noun សិក្សា/verb យ៉ាង/prt ដូច/verb ម្ដេច/adv ដែរ/adv
តើ/prt ប្រាប់/verb បាន/verb ទេ/prt ថា/conj ស៉ី/noun អេស/noun បង់ថ្លៃ/verb ប៉ុន្មាន/adv ដែរ/adv
តើ/prt ប្រាប់/verb បាន/verb ទេ/prt ថា/conj ស៉ីអេស/noun មាន/verb តម្លៃ/noun ប៉ុន្មាន/adv
តើ/prt ប្រាប់/verb បាន/verb ទេ/prt ថា/conj ស៉ីអេស/noun មាន/verb តម្លៃ/noun សិក្សា/verb យ៉ាង/prt ដូច/verb ម្ដេច/adv ដែរ/adv
តើ/prt ប្រាប់/verb បាន/verb ទេ/prt ថា/conj CS/noun បង់ថ្លៃ/verb ប៉ុន្មាន/adv ដែរ/adv
តើ/prt ប្រាប់/verb បាន/verb ទេ/prt ថា/conj CS/noun មាន/verb តម្លៃ/noun ប៉ុន្មាន/adv
តើ/prt ប្រាប់/verb បាន/verb ទេ/prt ថា/conj CS/noun មាន/verb តម្លៃ/noun សិក្សា/verb យ៉ាង/prt ដូច/verb ម្ដេច/adv ដែរ/adv
តើ/prt ខ្ញុំ/pron ចង់/verb ដឹង/verb ថា/conj Computer/noun Science/noun បង់/verb ថ្លៃ/noun ប៉ុន្មាន/adv ដែរ/adv
តើ/prt ខ្ញុំ/pron ចង់/verb ដឹង/verb ថា/conj Computer/noun Science/noun មាន/verb តម្លៃ/noun ប៉ុន្មាន/adv
តើ/prt ខ្ញុំ/pron ចង់/verb ដឹង/verb ថា/conj Computer/noun Science/noun មាន/verb តម្លៃ/noun សិក្សា/verb យ៉ាង/prt ដូច/verb ម្ដេច/adv ដែរ/adv
តើ/prt ខ្ញុំ/pron ចង់/verb ដឹង/verb ថា/conj វិទ្យា/noun សាស្ត្រ/noun កុំព្យូទ័រ/noun បង់/verb ថ្លៃ/noun ប៉ុន្មាន/adv ដែរ/adv
តើ/prt ខ្ញុំ/pron ចង់/verb ដឹង/verb ថា/conj វិទ្យា/noun សាស្ត្រ/noun កុំព្យូទ័រ/noun មាន/verb តម្លៃ/noun ប៉ុន្មាន/adv
តើ/prt ខ្ញុំ/pron ចង់/verb ដឹង/verb ថា/conj វិទ្យា/noun សាស្ត្រ/noun កុំព្យូទ័រ/noun មាន/verb តម្លៃ/noun សិក្សា/verb យ៉ាង/prt ដូច/verb ម្ដេច/adv ដែរ/adv
តើ/prt ខ្ញុំ/pron ចង់/verb ដឹង/verb ថា/conj ស៉ីអេស/noun បង់ថ្លៃ/verb ប៉ុន្មាន/adv ដែរ/adv
តើ/prt ខ្ញុំ/pron ចង់/verb ដឹង/verb ថា/conj ស៉ីអេស/noun មាន/verb តម្លៃ/noun ប៉ុន្មាន/adv
តើ/prt ខ្ញុំ/pron ចង់/verb ដឹង/verb ថា/conj ស៉ីអេស/noun មាន/verb តម្លៃ/noun សិក្សា/verb យ៉ាង/prt ដូច/verb ម្ដេច/adv ដែរ/adv
តើ/prt ខ្ញុំ/pron ចង់/verb ដឹង/verb ថា/conj CS/noun បង់ថ្លៃ/verb ប៉ុន្មាន/adv ដែរ/adv
តើ/prt ខ្ញុំ/pron ចង់/verb ដឹង/verb ថា/conj CS/noun មាន/verb តម្លៃ/noun ប៉ុន្មាន/adv
តើ/prt ខ្ញុំ/pron ចង់/verb ដឹង/verb ថា/conj CS/noun មាន/verb តម្លៃ/noun សិក្សា/verb យ៉ាង/prt ដូច/verb ម្ដេច/adv ដែរ/adv
តើ/prt អាច/verb ប្រាប់/verb ខ្ញុំ/pron បាន/verb ទេ/prt ថា/conj Computer/noun Science/noun បង់/verb ថ្លៃ/noun ប៉ុន្មាន/adv ដែរ/adv
តើ/prt អាច/verb ប្រាប់/verb ខ្ញុំ/pron បាន/verb ទេ/prt ថា/conj Computer/noun Science/noun មាន/verb តម្លៃ/noun ប៉ុន្មាន/adv
តើ/prt អាច/verb ប្រាប់/verb ខ្ញុំ/pron បាន/verb ទេ/prt ថា/conj Computer/noun Science/noun មាន/verb តម្លៃ/noun សិក្សា/verb យ៉ាង/prt ដូច/verb ម្ដេច/adv ដែរ/adv
តើ/prt អាច/verb ប្រាប់/verb ខ្ញុំ/pron បាន/verb ទេ/prt ថា/conj វិទ្យា/noun សាស្ត្រ/noun កុំព្យូទ័រ/noun បង់/verb ថ្លៃ/noun ប៉ុន្មាន/adv ដែរ/adv
តើ/prt អាច/verb ប្រាប់/verb ខ្ញុំ/pron បាន/verb ទេ/prt ថា/conj វិទ្យា/noun សាស្ត្រ/noun កុំព្យូទ័រ/noun មាន/verb តម្លៃ/noun ប៉ុន្មាន/adv
តើ/prt អាច/verb ប្រាប់/verb ខ្ញុំ/pron បាន/verb ទេ/prt ថា/conj វិទ្យា/noun សាស្ត្រ/noun កុំព្យូទ័រ/noun មាន/verb តម្លៃ/noun សិក្សា/verb យ៉ាង/prt ដូច/verb ម្ដេច/adv ដែរ/adv
តើ/prt អាច/verb ប្រាប់/verb ខ្ញុំ/pron បាន/verb ទេ/prt ថា/conj ស៉ី/noun អេស/noun បង់ថ្លៃ/verb ប៉ុន្មាន/adv ដែរ/adv
តើ/prt អាច/verb ប្រាប់/verb ខ្ញុំ/pron បាន/verb ទេ/prt ថា/conj ស៉ី/noun អេស/noun មាន/verb តម្លៃ/noun ប៉ុន្មាន/adv
តើ/prt អាច/verb ប្រាប់/verb ខ្ញុំ/pron បាន/verb ទេ/prt ថា/conj ស៉ី/noun អេស/noun មាន/verb តម្លៃ/noun សិក្សា/verb យ៉ាង/prt ដូច/verb ម្ដេច/adv ដែរ/adv
តើ/prt អាច/verb ប្រាប់/verb ខ្ញុំ/pron បាន/verb ទេ/prt ថា/conj CS/noun បង់ថ្លៃ/verb ប៉ុន្មាន/adv ដែរ/adv
តើ/prt អាច/verb ប្រាប់/verb ខ្ញុំ/pron បាន/verb ទេ/prt ថា/conj CS/noun មាន/verb តម្លៃ/noun ប៉ុន្មាន/adv
តើ/prt អាច/verb ប្រាប់/verb ខ្ញុំ/pron បាន/verb ទេ/prt ថា/conj CS/noun មាន/verb តម្លៃ/noun សិក្សា/verb យ៉ាង/prt ដូច/verb ម្ដេច/adv ដែរ/adv
តើ/prt ពេល/noun បញ្ចប់/verb ការ/noun សិក្សា/verb Computer/noun Science/noun អាច/verb ក្លាយ/verb ជា/verb អ្វី/noun ខ្លះ/adj ?/punct
តើ/prt ពេល/noun បញ្ចប់/verb ការ/noun សិក្សា/verb Computer/noun Science/noun អាច/verb ធ្វើ/verb អ្វី/noun បាន/verb ខ្លះ/adj ?/punct
តើ/prt ពេល/noun បញ្ចប់/verb ការ/noun សិក្សា/verb Computer/noun Science/noun ធ្វើ/verb ការងារ/noun អ្វី/noun បាន/verb ខ្លះ/adj ?/punct
តើ/prt ពេល/noun បញ្ចប់/verb ការ/noun សិក្សា/verb Computer/noun Science/noun អាច/verb ធ្វើ/verb លើ/adp ជំនាញ/noun អ្វី/noun ខ្លះ/adj ?/punct
តើ/prt ពេល/noun បញ្ចប់/verb ការ/noun សិក្សា/verb វិទ្យា/noun សាស្ត្រ/noun កុំព្យូទ័រ/noun អាច/verb ក្លាយ/verb ជា/verb អ្វី/noun ខ្លះ/adj ?/punct
តើ/prt ពេល/noun បញ្ចប់/verb ការ/noun សិក្សា/verb វិទ្យា/noun សាស្ត្រ/noun កុំព្យូទ័រ/noun អាច/verb ធ្វើ/verb អ្វី/noun បាន/verb ខ្លះ/adj ?/punct
តើ/prt ពេល/noun បញ្ចប់/verb ការ/noun សិក្សា/verb វិទ្យា/noun សាស្ត្រ/noun កុំព្យូទ័រ/noun ធ្វើ/verb ការងារ/noun អ្វី/noun បាន/verb ខ្លះ/adj ?/punct
តើ/prt ពេល/noun បញ្ចប់/verb ការ/noun សិក្សា/verb វិទ្យា/noun សាស្ត្រ/noun កុំព្យូទ័រ/noun អាច/verb ធ្វើ/verb លើ/adp ជំនាញ/noun អ្វី/noun ខ្លះ/adj ?/punct
តើ/prt ពេល/noun បញ្ចប់/verb ការ/noun សិក្សា/verb ស៉ីអេស/noun អាច/verb ក្លាយ/verb ជា/verb អ្វី/noun ខ្លះ/adj ?/punct
តើ/prt ពេល/noun បញ្ចប់/verb ការ/noun សិក្សា/verb ស៉ីអេស/noun អាច/verb ធ្វើ/verb អ្វី/noun បាន/verb ខ្លះ/adj ?/punct
តើ/prt ពេល/noun បញ្ចប់/verb ការ/noun សិក្សា/verb ស៉ីអេស/noun ធ្វើ/verb ការងារ/noun អ្វី/noun បាន/verb ខ្លះ/adj ?/punct
តើ/prt ពេល/noun បញ្ចប់/verb ការ/noun សិក្សា/verb ស៉ីអេស/noun អាច/verb ធ្វើ/verb លើ/adp ជំនាញ/noun អ្វី/noun ខ្លះ/adj ?/punct
តើ/prt ពេល/noun បញ្ចប់/verb ការ/noun សិក្សា/verb CS/noun អាច/verb ក្លាយ/verb ជា/verb អ្វី/noun ខ្លះ/adj ?/punct
តើ/prt ពេល/noun បញ្ចប់/verb ការ/noun សិក្សា/verb CS/noun អាច/verb ធ្វើ/verb អ្វី/noun បាន/verb ខ្លះ/adj ?/punct
តើ/prt ពេល/noun បញ្ចប់/verb ការ/noun សិក្សា/verb CS/noun ធ្វើ/verb ការងារ/noun អ្វី/noun បាន/verb ខ្លះ/adj ?/punct
តើ/prt ពេល/noun បញ្ចប់/verb ការ/noun សិក្សា/verb CS/noun អាច/verb ធ្វើ/verb លើ/adp ជំនាញ/noun អ្វី/noun ខ្លះ/adj ?/punct
តើ/prt រៀន/verb ចប់/verb Computer/noun Science/noun អាច/verb ក្លាយ/verb ជា/verb អ្វី/noun ខ្លះ/adj ?/punct
តើ/prt រៀន/verb ចប់/verb Computer/noun Science/noun អាច/verb ធ្វើ/verb អ្វី/noun បាន/verb ខ្លះ/adj ?/punct
តើ/prt រៀន/verb ចប់/verb Computer/noun Science/noun ធ្វើ/verb ការងារ/noun អ្វី/noun បាន/verb ខ្លះ/adj ?/punct
តើ/prt រៀន/verb ចប់/verb Computer/noun Science/noun អាច/verb ធ្វើ/verb លើ/adp ជំនាញ/noun អ្វី/noun ខ្លះ/adj ?/punct
តើ/prt រៀន/verb ចប់/verb វិទ្យា/noun សាស្ត្រ/noun កុំព្យូទ័រ/noun អាច/verb ក្លាយ/verb ជា/verb អ្វី/noun ខ្លះ/adj ?/punct
តើ/prt រៀន/verb ចប់/verb វិទ្យា/noun សាស្ត្រ/noun កុំព្យូទ័រ/noun អាច/verb ធ្វើ/verb អ្វី/noun បាន/verb ខ្លះ/adj ?/punct
តើ/prt រៀន/verb ចប់/verb វិទ្យា/noun សាស្ត្រ/noun កុំព្យូទ័រ/noun ធ្វើ/verb ការងារ/noun អ្វី/noun បាន/verb ខ្លះ/adj ?/punct
តើ/prt រៀន/verb ចប់/verb វិទ្យា/noun សាស្ត្រ/noun កុំព្យូទ័រ/noun អាច/verb ធ្វើ/verb លើ/adp ជំនាញ/noun អ្វី/noun ខ្លះ/adj ?/punct
តើរៀន/noun ចប់/noun ស៉ីអេស/noun អាច/verb ក្លាយ/verb ជា/verb អ្វី/noun ខ្លះ/adj ?/punct
តើរៀន/noun ចប់/noun ស៉ីអេស/noun អាច/verb ធ្វើ/verb អ្វី/noun បាន/verb ខ្លះ/adj ?/punct
តើរៀន/noun ចប់/noun ស៉ី/noun អេស/noun ធ្វើ/verb ការងារ/noun អ្វី/noun បាន/verb ខ្លះ/adj ?/punct
តើរៀន/noun ចប់/noun ស៉ីអេស/noun អាច/verb ធ្វើ/verb លើ/adp ជំនាញ/noun អ្វី/noun ខ្លះ/adj ?/punct
តើ/prt រៀន/verb ចប់/verb CS/noun អាច/verb ក្លាយ/verb ជា/verb អ្វី/noun ខ្លះ/adj ?/punct
តើ/prt រៀន/verb ចប់/verb CS/noun អាច/verb ធ្វើ/verb អ្វី/noun បាន/verb ខ្លះ/adj ?/punct
តើ/prt រៀន/verb ចប់/verb CS/noun ធ្វើ/verb ការងារ/noun អ្វី/noun បាន/verb ខ្លះ/adj ?/punct
តើ/prt រៀន/verb ចប់/verb CS/noun អាច/verb ធ្វើ/verb លើ/adp ជំនាញ/noun អ្វី/noun ខ្លះ/adj ?/punct
តើ/prt ពេល/noun ចប់/verb Computer/noun Science/noun អាច/verb ក្លាយ/verb ជា/verb អ្វី/noun ខ្លះ/adj ?/punct
តើ/prt ពេល/noun ចប់/verb Computer/noun Science/noun អាច/verb ធ្វើ/verb អ្វី/noun បាន/verb ខ្លះ/adj ?/punct
តើ/prt ពេល/noun ចប់/verb Computer/noun Science/noun ធ្វើ/verb ការងារ/noun អ្វី/noun បាន/verb ខ្លះ/adj ?/punct
តើ/prt ពេល/noun ចប់/verb Computer/noun Science/noun អាច/verb ធ្វើ/verb លើ/adp ជំនាញ/noun អ្វី/noun ខ្លះ/adj ?/punct
តើ/prt ពេល/noun ចប់/verb វិទ្យា/noun សាស្ត្រ/noun កុំព្យូទ័រ/noun អាច/verb ក្លាយ/verb ជា/verb អ្វី/noun ខ្លះ/adj ?/punct
តើ/prt ពេល/noun ចប់/verb វិទ្យា/noun សាស្ត្រ/noun កុំព្យូទ័រ/noun អាច/verb ធ្វើ/verb អ្វី/noun បាន/verb ខ្លះ/adj ?/punct
តើ/prt ពេល/noun ចប់/verb វិទ្យា/noun សាស្ត្រ/noun កុំព្យូទ័រ/noun ធ្វើ/verb ការងារ/noun អ្វី/noun បាន/verb ខ្លះ/adj ?/punct
តើ/prt ពេល/noun ចប់/verb វិទ្យា/noun សាស្ត្រ/noun កុំព្យូទ័រ/noun អាច/verb ធ្វើ/verb លើ/adp ជំនាញ/noun អ្វី/noun ខ្លះ/adj ?/punct
តើ/prt ពេល/noun ចប់/noun ស៉ីអេស/noun អាច/verb ក្លាយ/verb ជា/verb អ្វី/noun ខ្លះ/adj ?/punct
តើ/prt ពេល/noun ចប់/noun ស៉ីអេស/noun អាច/verb ធ្វើ/verb អ្វី/noun បាន/verb ខ្លះ/adj ?/punct
តើ/prt ពេល/noun ចប់/verb ស៉ី/noun អេស/noun ធ្វើ/verb ការងារ/noun អ្វី/noun បាន/verb ខ្លះ/adj ?/punct
តើ/prt ពេល/noun ចប់/noun ស៉ី/noun អេស/noun អាច/verb ធ្វើ/verb លើ/adp ជំនាញ/noun អ្វី/noun ខ្លះ/adj ?/punct
តើ/prt ពេល/noun ចប់/verb CS/noun អាច/verb ក្លាយ/verb ជា/verb អ្វី/noun ខ្លះ/adj ?/punct
តើ/prt ពេល/noun ចប់/verb CS/noun អាច/verb ធ្វើ/verb អ្វី/noun បាន/verb ខ្លះ/adj ?/punct
តើ/prt ពេល/noun ចប់/verb CS/noun ធ្វើ/verb ការងារ/noun អ្វី/noun បាន/verb ខ្លះ/adj ?/punct
តើ/prt ពេល/noun ចប់/verb CS/noun អាច/verb ធ្វើ/verb លើ/adp ជំនាញ/noun អ្វី/noun ខ្លះ/adj ?/punct
តើ/prt ពេល/noun បញ្ចប់/verb ការ/noun សិក្សា/verb Computer/noun Science/noun អាច/verb ក្លាយ/verb ជា/verb អ្វី/noun ខ្លះ/adj ?/punct
តើ/prt ពេល/noun បញ្ចប់/verb ការ/noun សិក្សា/verb Computer/noun Science/noun អាច/verb ធ្វើ/verb អ្វី/noun បាន/verb ខ្លះ/adj ?/punct
តើ/prt ពេល/noun បញ្ចប់/verb ការ/noun សិក្សា/verb Computer/noun Science/noun ធ្វើ/verb ការងារ/noun អ្វី/noun បាន/verb ខ្លះ/adj ?/punct
តើ/prt ពេល/noun បញ្ចប់/verb ការ/noun សិក្សា/verb Computer/noun Science/noun អាច/verb ធ្វើ/verb លើ/adp ជំនាញ/noun អ្វី/noun ខ្លះ/adj ?/punct
តើ/prt ពេល/noun បញ្ចប់/verb ការ/noun សិក្សា/verb វិទ្យា/noun សាស្ត្រ/noun កុំព្យូទ័រ/noun អាច/verb ក្លាយ/verb ជា/verb អ្វី/noun ខ្លះ/adj ?/punct
តើ/prt ពេល/noun បញ្ចប់/verb ការ/noun សិក្សា/verb វិទ្យា/noun សាស្ត្រ/noun កុំព្យូទ័រ/noun អាច/verb ធ្វើ/verb អ្វី/noun បាន/verb ខ្លះ/adj ?/punct
តើ/prt ពេល/noun បញ្ចប់/verb ការ/noun សិក្សា/verb វិទ្យា/noun សាស្ត្រ/noun កុំព្យូទ័រ/noun ធ្វើ/verb ការងារ/noun អ្វី/noun បាន/verb ខ្លះ/adj ?/punct
តើ/prt ពេល/noun បញ្ចប់/verb ការ/noun សិក្សា/verb វិទ្យា/noun សាស្ត្រ/noun កុំព្យូទ័រ/noun អាច/verb ធ្វើ/verb លើ/adp ជំនាញ/noun អ្វី/noun ខ្លះ/adj ?/punct
តើ/prt ពេល/noun បញ្ចប់/verb ការ/noun សិក្សា/verb ស៉ីអេស/noun អាច/verb ក្លាយ/verb ជា/verb អ្វី/noun ខ្លះ/adj ?/punct
តើ/prt ពេល/noun បញ្ចប់/verb ការ/noun សិក្សា/verb ស៉ីអេស/noun អាច/verb ធ្វើ/verb អ្វី/noun បាន/verb ខ្លះ/adj ?/punct
តើ/prt ពេល/noun បញ្ចប់/verb ការ/noun សិក្សា/verb ស៉ីអេស/noun ធ្វើ/verb ការងារ/noun អ្វី/noun បាន/verb ខ្លះ/adj ?/punct
តើ/prt ពេល/noun បញ្ចប់/verb ការ/noun សិក្សា/verb ស៉ីអេស/noun អាច/verb ធ្វើ/verb លើ/adp ជំនាញ/noun អ្វី/noun ខ្លះ/adj ?/punct
តើ/prt ពេល/noun បញ្ចប់/verb ការ/noun សិក្សា/verb CS/noun អាច/verb ក្លាយ/verb ជា/verb អ្វី/noun ខ្លះ/adj ?/punct
តើ/prt ពេល/noun បញ្ចប់/verb ការ/noun សិក្សា/verb CS/noun អាច/verb ធ្វើ/verb អ្វី/noun បាន/verb ខ្លះ/adj ?/punct
តើ/prt ពេល/noun បញ្ចប់/verb ការ/noun សិក្សា/verb CS/noun ធ្វើ/verb ការងារ/noun អ្វី/noun បាន/verb ខ្លះ/adj ?/punct
តើ/prt ពេល/noun បញ្ចប់/verb ការ/noun សិក្សា/verb CS/noun អាច/verb ធ្វើ/verb លើ/adp ជំនាញ/noun អ្វី/noun ខ្លះ/adj ?/punct
តើ/prt រៀន/verb ចប់/verb Computer/noun Science/noun អាច/verb ក្លាយ/verb ជា/verb អ្វី/noun ខ្លះ/adj ?/punct
តើ/prt រៀន/verb ចប់/verb Computer/noun Science/noun អាច/verb ធ្វើ/verb អ្វី/noun បាន/verb ខ្លះ/adj ?/punct
តើ/prt រៀន/verb ចប់/verb Computer/noun Science/noun ធ្វើ/verb ការងារ/noun អ្វី/noun បាន/verb ខ្លះ/adj ?/punct
តើ/prt រៀន/verb ចប់/verb Computer/noun Science/noun អាច/verb ធ្វើ/verb លើ/adp ជំនាញ/noun អ្វី/noun ខ្លះ/adj ?/punct
តើ/prt រៀន/verb ចប់/verb វិទ្យា/noun សាស្ត្រ/noun កុំព្យូទ័រ/noun អាច/verb ក្លាយ/verb ជា/verb អ្វី/noun ខ្លះ/adj ?/punct
តើ/prt រៀន/verb ចប់/verb វិទ្យា/noun សាស្ត្រ/noun កុំព្យូទ័រ/noun អាច/verb ធ្វើ/verb អ្វី/noun បាន/verb ខ្លះ/adj ?/punct
តើ/prt រៀន/verb ចប់/verb វិទ្យា/noun សាស្ត្រ/noun កុំព្យូទ័រ/noun ធ្វើ/verb ការងារ/noun អ្វី/noun បាន/verb ខ្លះ/adj ?/punct
តើ/prt រៀន/verb ចប់/verb វិទ្យា/noun សាស្ត្រ/noun កុំព្យូទ័រ/noun អាច/verb ធ្វើ/verb លើ/adp ជំនាញ/noun អ្វី/noun ខ្លះ/adj ?/punct
តើរៀន/noun ចប់/noun ស៉ីអេស/noun អាច/verb ក្លាយ/verb ជា/verb អ្វី/noun ខ្លះ/adj ?/punct
តើរៀន/noun ចប់/noun ស៉ីអេស/noun អាច/verb ធ្វើ/verb អ្វី/noun បាន/verb ខ្លះ/adj ?/punct
តើរៀន/noun ចប់/noun ស៉ី/noun អេស/noun ធ្វើ/verb ការងារ/noun អ្វី/noun បាន/verb ខ្លះ/adj ?/punct
តើរៀន/noun ចប់/noun ស៉ីអេស/noun អាច/verb ធ្វើ/verb លើ/adp ជំនាញ/noun អ្វី/noun ខ្លះ/adj ?/punct
តើ/prt រៀន/verb ចប់/verb CS/noun អាច/verb ក្លាយ/verb ជា/verb អ្វី/noun ខ្លះ/adj ?/punct
តើ/prt រៀន/verb ចប់/verb CS/noun អាច/verb ធ្វើ/verb អ្វី/noun បាន/verb ខ្លះ/adj ?/punct
តើ/prt រៀន/verb ចប់/verb CS/noun ធ្វើ/verb ការងារ/noun អ្វី/noun បាន/verb ខ្លះ/adj ?/punct
តើ/prt រៀន/verb ចប់/verb CS/noun អាច/verb ធ្វើ/verb លើ/adp ជំនាញ/noun អ្វី/noun ខ្លះ/adj ?/punct
តើ/prt ពេល/noun ចប់/verb Computer/noun Science/noun អាច/verb ក្លាយ/verb ជា/verb អ្វី/noun ខ្លះ/adj ?/punct
តើ/prt ពេល/noun ចប់/verb Computer/noun Science/noun អាច/verb ធ្វើ/verb អ្វី/noun បាន/verb ខ្លះ/adj ?/punct
តើ/prt ពេល/noun ចប់/verb Computer/noun Science/noun ធ្វើ/verb ការងារ/noun អ្វី/noun បាន/verb ខ្លះ/adj ?/punct
តើ/prt ពេល/noun ចប់/verb Computer/noun Science/noun អាច/verb ធ្វើ/verb លើ/adp ជំនាញ/noun អ្វី/noun ខ្លះ/adj ?/punct
តើ/prt ពេល/noun ចប់/verb វិទ្យា/noun សាស្ត្រ/noun កុំព្យូទ័រ/noun អាច/verb ក្លាយ/verb ជា/verb អ្វី/noun ខ្លះ/adj ?/punct
តើ/prt ពេល/noun ចប់/verb វិទ្យា/noun សាស្ត្រ/noun កុំព្យូទ័រ/noun អាច/verb ធ្វើ/verb អ្វី/noun បាន/verb ខ្លះ/adj ?/punct
តើ/prt ពេល/noun ចប់/verb វិទ្យា/noun សាស្ត្រ/noun កុំព្យូទ័រ/noun ធ្វើ/verb ការងារ/noun អ្វី/noun បាន/verb ខ្លះ/adj ?/punct
តើ/prt ពេល/noun ចប់/verb វិទ្យា/noun សាស្ត្រ/noun កុំព្យូទ័រ/noun អាច/verb ធ្វើ/verb លើ/adp ជំនាញ/noun អ្វី/noun ខ្លះ/adj ?/punct
តើ/prt ពេល/noun ចប់/noun ស៉ីអេស/noun អាច/verb ក្លាយ/verb ជា/verb អ្វី/noun ខ្លះ/adj ?/punct
តើ/prt ពេល/noun ចប់/noun ស៉ីអេស/noun អាច/verb ធ្វើ/verb អ្វី/noun បាន/verb ខ្លះ/adj ?/punct
តើ/prt ពេល/noun ចប់/verb ស៉ី/noun អេស/noun ធ្វើ/verb ការងារ/noun អ្វី/noun បាន/verb ខ្លះ/adj ?/punct
តើ/prt ពេល/noun ចប់/noun ស៉ី/noun អេស/noun អាច/verb ធ្វើ/verb លើ/adp ជំនាញ/noun អ្វី/noun ខ្លះ/adj ?/punct
តើ/prt ពេល/noun ចប់/verb CS/noun អាច/verb ក្លាយ/verb ជា/verb អ្វី/noun ខ្លះ/adj ?/punct
តើ/prt ពេល/noun ចប់/verb CS/noun អាច/verb ធ្វើ/verb អ្វី/noun បាន/verb ខ្លះ/adj ?/punct
តើ/prt ពេល/noun ចប់/verb CS/noun ធ្វើ/verb ការងារ/noun អ្វី/noun បាន/verb ខ្លះ/adj ?/punct
តើ/prt ពេល/noun ចប់/verb CS/noun អាច/verb ធ្វើ/verb លើ/adp ជំនាញ/noun អ្វី/noun ខ្លះ/adj ?/punct
